id,colors,sizes
AWpyySsJAGTnQPR7wNt4,Black,8
AWpyyyb3AGTnQPR7wN-u,Taupe,6 M US
AWpyzlajAGTnQPR7wOX8,Black,5
AWpyxomE0U_gzG0hkA1q,Black/Multi,9.5 BM US
AWpyxChWJbEilcB6RhWx,White,11
AWpytBRKJbEilcB6Rf1i,Metallic Multi Soft Leather,11 M
AWpykVq6JbEilcB6RfDC,Denim Blue,9
AWpyithfAGTnQPR7wKCK,Black / Silver,Size 6
AWpykE4QJbEilcB6Re54,Black and White Combo,Size 5
AWpyhLioJbEilcB6Rc3X,Black / Silver,Size 8
AWpyk4cwM263mwCq_ACH,Navy/Charcoal,7
AWpykdyGAGTnQPR7wK11,Black,6 BM US
AWpyhKwjAGTnQPR7wIqj,Black Multi,7M
AWpykfcd0U_gzG0hj-Qi,Light Brown,5.5
AWpymp7p0U_gzG0hj-m_,Natural Snk Pu,6
AWpymy1o0U_gzG0hj-ox,Black Leopard,8 BM US
AWpyg1c-JbEilcB6Rcjw,Red,6
AWpyg8JyAGTnQPR7wIev,Black Knit Flexible Technical Fabric,12
AWpyYnOf0U_gzG0hj5MA,Brown,9 BM US
AWpyWGNcAGTnQPR7wFI9,Black Fabric,6 M
AWpyZsvBM263mwCq-7Q8,Florence Berry,6
AWpx8LCqJbEilcB6RTsy,Silver,8
AWpx2-_IJbEilcB6RTfc,Taupe,7.5
AWpx8mtXJbEilcB6RTt9,Tan Brown,US 6.5
AWpx8ExwM263mwCq-0k8,Black Patent,10
AWpx8SltM263mwCq-0lj,Black,6.5
AWpx3JHC0U_gzG0hjype,Black,6
AWpx3Ulw0U_gzG0hjyp5,Black/White,11
AWpx4KDIJbEilcB6RTiN,Black,10 BM US
AWpx480I0U_gzG0hjyuj,Camel,7.5
AWpx7HMeAGTnQPR7v_iR,White,6.5
AWpx6EJW0U_gzG0hjyxr,Dark Red,9.5
AWpx8ULUAGTnQPR7v_lS,Black,9
AWpx61qBJbEilcB6RTpt,White / Atomic Blue / Safety Yellow,8M
AWpx4Kfi0U_gzG0hjysO,Black,8M
AWpx9kE6AGTnQPR7v_oZ,Black Paris,5
AWpx3LQ4AGTnQPR7v_Xi,Wine,9
AWpx4Lj4AGTnQPR7v_aE,Black Paris,5.5
AWpx997-0U_gzG0hjy7O,Black,9.5
AWpx4i3aM263mwCq-0b_,Taupe,9
AWpx82seM263mwCq-0m5,Charcoal,7.5 R
AWpx64kg0U_gzG0hjyz4,Charcoal,8 R
AWpx5VKfAGTnQPR7v_dx,GOLD/METALLIC/SMOOTH,10
AWpx4VZEAGTnQPR7v_af,Luggage,5
AWpx9zdsM263mwCq-0pC,Black,8.5 BM US
AWpx81saM263mwCq-0m3,Tan,5.5 BM US
AWpx7ZMaAGTnQPR7v_i8,White,US 10.5W
AWpx6dK9M263mwCq-0hF,Brown Nubuck,6.5
AWpx9kIBAGTnQPR7v_ob,Black,US 7.5
AWpx5XaLJbEilcB6RTl7,By,9M
AWpx6oqr0U_gzG0hjyzN,Natural Beige,US 8
AWpx7E-SAGTnQPR7v_iG,Ecru,6 M
AWpx53nn0U_gzG0hjyw8,Natural Leather,9
AWpx7qRlM263mwCq-0j3,Red,13
AWpx6x-C0U_gzG0hjyzp,Dark Wine Red,US 6.5
AWpx3cmwAGTnQPR7v_Ye,Black Suede/Crackle Lizard Print Leather,8.5
AWpx32EyJbEilcB6RThf,Brown Printed Python,9
AWpx-O6qM263mwCq-0qL,Black Rubberized PU/Ballistic Nylon/Faux Fur,12
AWpx8tesM263mwCq-0mi,Brown Tool Polyurethane/Gore,9.5 N
AWpx3c790U_gzG0hjyqY,Brown,7.5
AWpx3QHpJbEilcB6RTgK,Tan,8
AWpx8BHfJbEilcB6RTsd,Black Lux Soft Leather,9.5
AWpx8a1uAGTnQPR7v_ln,Black/White Patent,12
AWpx6j_4AGTnQPR7v_g3,Black,6M
AWpx6Gmj0U_gzG0hjyx1,Black,7.5M
AWpx3rgpM263mwCq-0Zd,Camel,8
AWpx6jo8AGTnQPR7v_gz,White,7
AWpx3OrPAGTnQPR7v_Xv,Black,6
AWpx4ed6AGTnQPR7v_bA,BLACK-PINK 9013,6.5 B US
AWpx-GgBJbEilcB6RTxg,Florence Navy,8
AWpx3RhnM263mwCq-0YV,Blue,8.5
AWpx7wzuJbEilcB6RTr8,Urban White,8.5 M US
AWpx5SOVAGTnQPR7v_dq,White,8 M
AWpx5Da4AGTnQPR7v_c0,Black / White,6.5M
AWpx34NPAGTnQPR7v_Za,Natural Satin,4
AWpx3H4EAGTnQPR7v_XW,Clear/Smoke Synthetic,5
AWpx4RWWM263mwCq-0a9,Clear/Smoke Synthetic,6
AWpx3i7NM263mwCq-0ZG,Silver / Pistachio / Pink Glow,10.5M
AWpx4gKzJbEilcB6RTjV,Mysterioso / Black / Aluminum,7.5M
AWpx8d07AGTnQPR7v_lv,Black Patent,Size 9
AWpx6oUKM263mwCq-0hj,White,US 8.5W
AWpx3xakAGTnQPR7v_ZL,White,7
AWpx3Oa-M263mwCq-0YM,Black Combo,10.5
AWpx3kulM263mwCq-0ZR,Blue,7 BM US
AWpx3e24AGTnQPR7v_Yl,Black,7
AWpx760_0U_gzG0hjy2X,White Leather,8.5
AWpx8tmAAGTnQPR7v_mV,Chocolate Leather,8.5
AWpx52ShAGTnQPR7v_fC,Blue,9.5
AWpx-hydAGTnQPR7v_qA,Silver Metallic Faux Leather,7.5
AWpx57bwJbEilcB6RTni,Gg2,5.5M
AWpx7ZI5JbEilcB6RTrL,Gray,8.5
AWpx5jyBM263mwCq-0ev,Covert Green,6.5 BM US Women
AWpx7VEJM263mwCq-0i-,Tp,5W
AWpx-ZaeM263mwCq-0qb,Navy Stretch Fabric,9.5
AWpx8m_gM263mwCq-0mT,Gold,7.5
AWpx8SOUM263mwCq-0li,Black Leather,6
AWpx64zkM263mwCq-0iF,Natural Leather,8
AWpx6ZuKJbEilcB6RTon,Carmel,9.5 Medium BM
AWpx9dYIM263mwCq-0oR,Black,9.5
AWpx41HIM263mwCq-0cu,Tan,9
AWpx3WihAGTnQPR7v_YI,Tan,8.5
AWpx9bqcAGTnQPR7v_oD,Black,6
AWpx9Gq-JbEilcB6RTvQ,Grape Fleck,8
AWpx9gjdAGTnQPR7v_oO,Black Polyurethane,10
AWpx-B25M263mwCq-0pr,Black,8M
AWpx6duBM263mwCq-0hI,Black Suede,12
AWpx4Tns0U_gzG0hjysu,Gold,7
AWpx7th8AGTnQPR7v_j7,By,8W
AWpx5DjVM263mwCq-0dN,Black,7 C/D US
AWpx32OFM263mwCq-0Z-,Cocoa Leather/Fabric,6.5
AWpx5m6i0U_gzG0hjywe,Black/Patent,11
AWpx49amJbEilcB6RTkl,Black,9 Medium BM
AWpx60VdM263mwCq-0h8,Black Suede,12
AWpx48NHJbEilcB6RTke,Black Suede,7.5
AWpx8QsHAGTnQPR7v_lP,White,10 BM US Women
AWpxhDk3JbEilcB6ROct,Dark Blush,8
AWpxdQuuM263mwCq-te_,White,7.5
AWpxe0b9M263mwCq-uS8,Chestnut,8.5
AWpxehagJbEilcB6RNOT,Birch / White,14M
AWpxi45rM263mwCq-v6Y,Black Crinkle Patent,Size 7
AWpxfedMM263mwCq-um9,Rainbow Multi Glitter/Black Matte Synthetic,6
AWpxe46RAGTnQPR7v5Yr,Brown,6
AWpxdiTMAGTnQPR7v4uZ,Brown,7.5
AWpxgVDtAGTnQPR7v6Cl,Clear PVC/Multi/Fuchsia Chrome,7
AWpxdfWCAGTnQPR7v4sl,Rainbow Multi Glitter/Neon White Synthetic,5
AWpxgMJbJbEilcB6RN_M,Black,7.5
AWpxegBoM263mwCq-uIm,Black,8.5
AWpxerxH0U_gzG0hjsje,Clear PVC/Multi/Fuchsia Chrome,8
AWpxc926AGTnQPR7v4YP,Clear PVC-Black/Black,9
AWpxfg5LJbEilcB6RNsy,White Leather,8
AWpxa1aQAGTnQPR7v2aq,Clear PVC-Black Rhinestones/Dark Pewter Chrome,10
AWpxbKu4JbEilcB6RKwj,Taupe,11M
AWpxbxLM0U_gzG0hjqrb,Black,9M
AWpxjCilAGTnQPR7v6-h,Tan,10M
AWpxjHTZJbEilcB6RPGB,Black Leather,8
AWpxg6mEM263mwCq-vPi,Black Soft Full Grain Leather,10
AWpxjHP20U_gzG0hjuTa,Khaki Green,US 7
AWpxiuZW0U_gzG0hjuML,Black,5
AWpxcN8-AGTnQPR7v33c,Black Leopard,US 8.5
AWpxbdfX0U_gzG0hjqW3,Black,US 8
AWpxfg0RM263mwCq-uoQ,Black Patent,11
AWpxdkURM263mwCq-trv,Black,US 7
AWpxgFEUJbEilcB6RN8I,Black,7.5 M
AWpxd2rhM263mwCq-t0-,Black Patent,8
AWpxc-Z-0U_gzG0hjrqP,Black Vegan Leather,8
AWpxcK9EJbEilcB6RLy6,Black Vegan Leather,9
AWpxdk5DM263mwCq-tr-,Blush Tripoli,7.5 Medium BM
AWpxgnUR0U_gzG0hjtcN,Black Leopard,US 6.5
AWpxcTKOM263mwCq-s6T,Hot Pink Crinkle Pat-Glitter,Size 10
AWpxcPYN0U_gzG0hjrKS,Black,9 BM US
AWpxfcyh0U_gzG0hjs7K,BLACK,6 W
AWpxfAP0AGTnQPR7v5cN,BLACK,9 W
AWpxf7wO0U_gzG0hjtKQ,Pewter Multi,9.5
AWpxfSD80U_gzG0hjs2_,Gold,7
AWpxfMQeM263mwCq-ueP,Tan Suede,8.5
AWpxcIQN0U_gzG0hjrC3,Black Suede,8 M US
AWpxcv-MJbEilcB6RMO3,Black Suede,9
AWpxjGxuJbEilcB6RPF4,White Soft Full Grain Leather,7
AWpxeYb3AGTnQPR7v5Iv,Beige,9.5
AWpxg9-30U_gzG0hjtol,White Soft Full Grain Leather,10
AWpxemVQAGTnQPR7v5P3,Black Leather,10 Medium BM
AWpxgUYjJbEilcB6ROEH,Black/Gold,7.5
AWpxgnwE0U_gzG0hjtcc,Navy/Charcoal,8.5
AWpxi2iQ0U_gzG0hjuO5,White,7.5
AWpxhBHjM263mwCq-vT9,White,5.5
AWpxec6-0U_gzG0hjsb7,Purple,8
AWpxix-qM263mwCq-v3_,Inca Gold/White,5M
AWpxjC6DAGTnQPR7v6-n,Black,7
AWpxgugn0U_gzG0hjtfw,Black / White,5.5M
AWpxdruhAGTnQPR7v4zm,Black / White,6M
AWpxbMWP0U_gzG0hjqEr,Black,10
AWpxfU7NM263mwCq-uis,Gray,6.5
AWpxc5aAM263mwCq-tR5,Black,9
AWpxh0mP0U_gzG0hjuDs,Black,6.5
AWpxeKKeM263mwCq-t-t,Brown,One Size
AWpxb3oz0U_gzG0hjqxt,Pewter Bottom Clear Up,Size 10
AWpxd5c9M263mwCq-t2T,Gold,9
AWpxfGyr0U_gzG0hjswo,Luxe Pink / White,10M
AWpxewUlAGTnQPR7v5Uj,White,7
AWpxcx6I0U_gzG0hjri3,White,7 S
AWpxghGM0U_gzG0hjtZW,White,8
AWpxeiqjAGTnQPR7v5Nm,Clear/Clear Ombre,9
AWpxjDP_AGTnQPR7v6-s,White,10 N
AWpxaycs0U_gzG0hjppz,Black,5M
AWpxjCZHJbEilcB6RPEW,Rose Gold,10M
AWpxfRJJAGTnQPR7v5kp,Rose Gold,9M
AWpxjHuOM263mwCq-v-u,White EVA,9
AWpxbRDBJbEilcB6RK32,Dark Brown Suede,9.5
AWpxe7fcM263mwCq-uWU,Black/White Canvas,9
AWpxhrHz0U_gzG0hjuAQ,Pewter,8
AWpxagV20U_gzG0hjpXh,Pink,11
AWpxg7KkAGTnQPR7v6Ub,Black/White,S
AWpxjFVwJbEilcB6RPFG,Black/White,M
AWpxfAOO0U_gzG0hjstr,Black Leather,7.5
AWpxebolM263mwCq-uGY,White Leather,8
AWpxeWJxJbEilcB6RNIV,Cognac,8
AWpxff4uM263mwCq-unh,White Leather,6
AWpxi2bwAGTnQPR7v66t,White Leopard,US 8.5
AWpxeywKM263mwCq-uSB,Other,40
AWpxcH5BM263mwCq-sus,Silver Satin,9.5M
AWpxhhnrM263mwCq-vlZ,Pewter,7.5
AWpxc5Vt0U_gzG0hjrnP,Cognac Burnished Fabric,10 Medium BM
AWpxhR2U0U_gzG0hjtzc,Floral,6.5 Medium BM
AWpxfpUk0U_gzG0hjtBX,Black,5.5
AWpxg1juM263mwCq-vMR,Navy/Charcoal,7.5
AWpxdRqqJbEilcB6RMkV,Brown,6.5
AWpxf9AaJbEilcB6RN5p,BONE,7.5 WW
AWpxbZM9JbEilcB6RLAa,BONE,10.5 N
AWpxc53ZM263mwCq-tSU,WHITE,6.5 WW
AWpxiiaG0U_gzG0hjuKr,Brown,8.5
AWpxdQYEJbEilcB6RMjT,Brown,9.5
AWpxbb-K0U_gzG0hjqVi,BONE,10.5 W
AWpxdHOw0U_gzG0hjru8,Denim Blue,6.5
AWpxi3qi0U_gzG0hjuPK,Black,7
AWpxbLDhM263mwCq-rw2,Gold,7
AWpxiu1IAGTnQPR7v64S,SAND,7.5
AWpxgqp0JbEilcB6ROPL,Black,7
AWpxgrLFM263mwCq-vH-,Black,10
AWpxfW7wJbEilcB6RNo2,Black Glitter/Black Glitter Synthetic,5
AWpxgpnnM263mwCq-vG9,Grey Faux Suede/Faux Leather,6.5
AWpxbMrtJbEilcB6RKzB,Black Stretch Polyurethane/Black Matte,13
AWpxcGpjJbEilcB6RLu2,Silver Glitter/Silver Glitter Synthetic,8
AWpxeciPJbEilcB6RNLY,Grey Faux Suede/Faux Leather,6
AWpxfWUp0U_gzG0hjs43,White,8 M
AWpxeIw40U_gzG0hjsSg,Black Stretch Pu and Black Matte,16
AWpxixNBJbEilcB6RO-v,Grey Faux Suede/Faux Leather,12
AWpxbabEJbEilcB6RLBz,Navy/Pink Suede,6
AWpxdp5UM263mwCq-tuj,Navy/Pink Suede,6.5
AWpxeJINM263mwCq-t-P,Black Patent,6.5
AWpxeqIEM263mwCq-uN4,Aqua Leather,9.5
AWpxdX2eM263mwCq-tkB,White,6.5 W
AWpxi7LsM263mwCq-v7H,White,9 M
AWpxf-zq0U_gzG0hjtLJ,Sand,7
AWpxgrtiAGTnQPR7v6Mp,Denim Leather,9.5 M
AWpxgc9XJbEilcB6ROIT,Black,6.5M
AWpxehl5AGTnQPR7v5NM,White,10
AWpxfo7_M263mwCq-usL,Denim Leather,10
AWpxdUs7AGTnQPR7v4lj,White,6.5 M
AWpxfNy60U_gzG0hjs0w,White,8.5 M
AWpxgUVpAGTnQPR7v6CK,White,9.5 M
AWpxg7DXJbEilcB6ROXU,White,8.5 S
AWpxi5H9M263mwCq-v6d,Pink,8.5 BM US
AWpxi7exM263mwCq-v7Q,White,5
AWpxdyDYJbEilcB6RM3i,Dark Grey Suede,7
AWpxe03VM263mwCq-uTK,Black,7
AWpxdyYDJbEilcB6RM3v,White,9 M
AWpxjFas0U_gzG0hjuS2,Black Laser,6 BM US
AWpxeLBlAGTnQPR7v5Cy,Black,9
AWpxbPXC0U_gzG0hjqIG,Gold,10
AWpxbhcY0U_gzG0hjqav,Tan,US 5.5
AWpxZ-v-M263mwCq-qq-,Tan,8
AWpxbjSxAGTnQPR7v3Lq,Brown,9
AWpxaSid0U_gzG0hjpL1,Pewter,Size 7
AWpxZfbUM263mwCq-qRp,Pewter Bottom Clear Up,Size 12
AWpxa1jeM263mwCq-rbT,Goldwash Metallic Soft Leather,12
AWpxaYkCM263mwCq-rBg,White,7.5
AWpxaFlEM263mwCq-qwJ,Black leather,12
AWpxZ-apM263mwCq-qqv,Fire Red Polyurethane,7
AWpxbafk0U_gzG0hjqT_,Nrgy Turquoise / Puma White,11M
AWpxbWkvJbEilcB6RK9d,Black Microsuede,9M
AWpxaWxjJbEilcB6RJ-w,Green,8.5M
AWpxboGdAGTnQPR7v3Qo,Black Leather,9
AWpxbUxWJbEilcB6RK77,Red,9.5
AWpxcPUAM263mwCq-s1z,Silver Jeweled Lycra,10
AWpxan8K0U_gzG0hjpd8,Black,7.5M
AWpxZq35AGTnQPR7v1ar,Green,7.5M
AWpxaDFMAGTnQPR7v1sw,Theatrical Pink,8.5
AWpxcKbqJbEilcB6RLyX,Black Sparkle,10
AWpxcBiW0U_gzG0hjq8U,Bone Suede,11.5
AWpxbgXDM263mwCq-sG9,Bone Suede,11.5
AWpxbKls0U_gzG0hjqCS,Pink,3
AWpxcIg_M263mwCq-svD,Black Combo,7
AWpxbI_3JbEilcB6RKuq,Black Suede,8.5
AWpxZu1qM263mwCq-qdc,Black Suede,7.5
AWpxcFgJM263mwCq-ssd,Black Suede,9
AWpxZ6qk0U_gzG0hjo4G,Olive Combo,6
AWpxbj7AM263mwCq-sK0,Black Suede,7
AWpxaq0P0U_gzG0hjpho,Grey Faux Suede/Faux Leather,10
AWpxaU7g0U_gzG0hjpOA,Grey Faux Suede/Faux Leather,11
AWpxcEQ90U_gzG0hjq-t,Vanilla Ice / Red Bud,9.5M
AWpxauA1M263mwCq-rTX,Ultra Magenta / Puma White,9M
AWpxcX7aJbEilcB6RMB4,Cordovan/Black,9 Medium BM
AWpxZ2S40U_gzG0hjo0S,Midnight Purple,6 Medium BM
AWpxZxcX0U_gzG0hjowx,Dark Purple / White / Black,8.5M
AWpxbuBY0U_gzG0hjqn5,White,9
AWpxaN8hJbEilcB6RJ2Z,Black Leather,11
AWpxcQQvJbEilcB6RL47,Silver Sequins/Silver Chrome,8
AWpxbfyIAGTnQPR7v3Hv,Turquoise,7
AWpxZ3VMM263mwCq-qk5,White Snake,8
AWpxbpERJbEilcB6RLRN,White,10
AWpxcLINM263mwCq-sxv,White Snake,6
AWpxbJMeM263mwCq-ru7,White Snake,10
AWpxbZ5TM263mwCq-sAh,White,6
AWpxaxnXJbEilcB6RKXE,Purple Sequins/Purple Chrome,8
AWpxZZN-AGTnQPR7v1Mz,Red,11
AWpxaR3jJbEilcB6RJ6B,Black Hs001,7 M US
AWpxZfI60U_gzG0hjoiA,Wine,8.5
AWpxbVbM0U_gzG0hjqOs,Linen/Marshmallow Textile,7
AWpxZkNi0U_gzG0hjom-,Star White Organic Canvas,11
AWpxcNUKAGTnQPR7v32y,Red,8
AWpxbmM7M263mwCq-sNM,Grey,8
AWpxcRcV0U_gzG0hjrM_,Olive,8.5
AWpxZ9MRJbEilcB6RJoX,Dk Charcoal,6
AWpxag0XJbEilcB6RKHW,Olive,9
AWpxZkYTJbEilcB6RJVB,Dark Charcoal Suede,9
AWpxbQN6M263mwCq-r2M,Black Suede,11
AWpxat37M263mwCq-rTQ,Malbec,7.5
AWpxaul4JbEilcB6RKUF,Taupe,11
AWpxbcOPM263mwCq-sDH,Taupe,8.5
AWpxcAczAGTnQPR7v3pp,Black Multi,7.5
AWpxbJot0U_gzG0hjqBe,Black,8
AWpxbiBqJbEilcB6RLJy,Wine,8
AWpxZ_SvM263mwCq-qrW,Wine,6
AWpxam5eM263mwCq-rLU,White,8.5 M
AWpxb5gqAGTnQPR7v3iZ,Inky Navy Polyurethane,11
AWpxadCHM263mwCq-rGG,White,7.5
AWpxZknFAGTnQPR7v1Vk,Malbec,11 Medium BM
AWpxatqY0U_gzG0hjpkF,Grey,9.5
AWpxbeZUM263mwCq-sEo,BROWN,11
AWpxaXI20U_gzG0hjpQi,Red Stain Fabric,9
AWpxbKkwM263mwCq-rwR,Wine Suede,6.5
AWpxbTSWJbEilcB6RK6j,Tmoro Nabuck,8
AWpxaOhO0U_gzG0hjpIe,Wine Suede,11
AWpxacflJbEilcB6RKFM,Wine Suede,5.5
AWpxaXIYM263mwCq-rAJ,Midnight Lime,7 Medium BM
AWpxboMvJbEilcB6RLP9,Midnight Lime,7.5 Medium BM
AWpxaG_n0U_gzG0hjpBh,Red Stain Fabric,8
AWpxZpPuM263mwCq-qZj,Brown Distressed Leather,10 BM US
AWpxcSryAGTnQPR7v39C,White,7.5 M US
AWpxbEbf0U_gzG0hjp7W,Black,6 M US
AWpxbTkvJbEilcB6RK6r,Black,7.5
AWpxbp64AGTnQPR7v3Sw,Bronco Brown,5.5
AWpxb2nMM263mwCq-sdf,Black,11
AWpxbrFnAGTnQPR7v3Tx,Blue,7
AWpxbntuJbEilcB6RLPW,Coconut Shell,6
AWpxZlwXAGTnQPR7v1WZ,Purple Sequins/Purple Chrome,10
AWpxacngJbEilcB6RKFW,Black,6.5 M US
AWpxb78dJbEilcB6RLkY,Black Patent,8
AWpxbBwYJbEilcB6RKnU,Seal,8
AWpxcVU_M263mwCq-s89,Black Patent,10
AWpxZ8rz0U_gzG0hjo5x,Wine Fabric/Faux Suede,8
AWpxaWoLJbEilcB6RJ-j,Black,8
AWpxbper0U_gzG0hjqjY,Wine Fabric/Faux Suede,11
AWpxbbLMM263mwCq-sB3,Pewter Distressed Metallic Faux Leather,10
AWpxbLQ_M263mwCq-rxI,Brown,8
AWpxZaVJJbEilcB6RJNm,Red Patent,11
AWpxb98BM263mwCq-sla,Khaki Buck,9.5
AWpxalDHJbEilcB6RKLA,Black Fabric/Faux Suede,6
AWpxat7YJbEilcB6RKTd,Wine Fabric/Faux Suede,5
AWpxZzkTJbEilcB6RJgx,Black Fabric/Faux Suede,9.5
AWpxaNjzJbEilcB6RJ16,Black Fabric/Faux Suede,11
AWpxbikmM263mwCq-sJZ,White,7
AWpxabkiAGTnQPR7v2B_,Wine Fabric/Faux Suede,5.5
AWpxaJUXM263mwCq-qzi,Black Fabric/Faux Suede,7.5
AWpxbIJkJbEilcB6RKuT,White,12
AWpxbdSA0U_gzG0hjqWj,Black/Athena,10
AWpxZuuoM263mwCq-qdP,Mustard Imi Suede,6
AWpxahmmM263mwCq-rHv,Dark Grey Leather,12
AWpxZoJ6AGTnQPR7v1Y8,Dark Grey Leather,9
AWpxbSkq0U_gzG0hjqLh,Gray,7
AWpxabCqM263mwCq-rDp,Blk Pat,9
AWpxapSjAGTnQPR7v2OI,Black Satin,Size 7
AWpxUFu30U_gzG0hjoKE,Sand Oiled Fabric,6.5
AWpxSWTGAGTnQPR7v0C1,Denim Combo Faux Leather/Fabric,10.5
AWpthiKYJbEilcB6RDUx,Black Snake,US 9
AWptkBSxM263mwCq-kos,Black Snake,US 10
AWptiR6jAGTnQPR7vvXv,Red,8
AWptg4bDJbEilcB6RDQn,Natural Beige,US 10
AWptiWjH0U_gzG0hjirK,Dark Tan,9 M US
AWptiZcZAGTnQPR7vvYY,Tan,6
AWptj-Jc0U_gzG0hji1u,Beige Snake,US 7
AWptbOYB0U_gzG0hjhtS,"Navy / White,Navy/White",10M
AWptZ1pUAGTnQPR7vtjX,Grey Knit,9
AWptbbwpJbEilcB6RChF,Black Knit,9.5
AWptZPnh0U_gzG0hjgsy,Black Microfiber,9
AWptbIOuAGTnQPR7vuUV,Mauve Microfiber,5.5
AWptZTYQ0U_gzG0hjguI,Camel,8
AWptXUhfM263mwCq-h1V,Brown/Multi/Dis,9
AWptXXWE0U_gzG0hjgF6,Black,5.5
AWptawtSM263mwCq-jJU,Sand Oiled Fabric,8.5
AWptbIA3JbEilcB6RCV_,Black,5.5
AWptXLVg0U_gzG0hjgB-,Grey,11
AWptZ_VeJbEilcB6RBno,Bm2,10M
AWptZLavM263mwCq-iZ8,Fr3,8.5M
AWptbY3N0U_gzG0hjhxX,Natural Paris,10
AWptcX3hM263mwCq-kDF,Green,7
AWptcEO80U_gzG0hjiI6,Grey,11
AWptWL9VAGTnQPR7vscG,Black,9
AWptYSQQJbEilcB6RBDe,Black,10.0M
AWptb92AM263mwCq-j1g,Black Combo,8
AWptcRC1JbEilcB6RC-b,White,8
AWptYTHN0U_gzG0hjgZj,Aquarium / Phantom,6M
AWptWp5sM263mwCq-hn9,Toffee,9
AWptZiylAGTnQPR7vteL,Aquarium / Phantom,8M
AWptW4rMAGTnQPR7vsnJ,Black Soft Lizard Embossed Patent Suede Leather,8.5
AWptYlXEAGTnQPR7vtIm,Sky Blue Leather,41
AWptb_Dd0U_gzG0hjiGQ,Grey Faux Suede/Faux Leather,8.5
AWptY3wzAGTnQPR7vtN5,Navy Leather,41
AWptWVDzJbEilcB6RAd6,Black,8.5 BM US
AWptXc3hJbEilcB6RAzr,Red,9
AWpta_u9JbEilcB6RCQU,Silver,10
AWptaohRM263mwCq-jD4,Silver,9
AWpteChyJbEilcB6RDNL,Black,8
AWptYdxq0U_gzG0hjgct,Black,6.5M
AWptXPjtM263mwCq-hzv,Black,8.5
AWptatSUM263mwCq-jHE,Stone,7
AWptXq75AGTnQPR7vs2U,White,9
AWptXmUS0U_gzG0hjgLP,Wb2,9.5W
AWptYmdbJbEilcB6RBJo,Tan,7
AWptWQhEM263mwCq-hjI,Black Leather,6.5
AWptau9aAGTnQPR7vuDE,Brown,6
AWptYvjgM263mwCq-iQ8,Light Tan,10
AWptWqrcJbEilcB6RAjo,Fuchsia,8.5 BM US
AWptbZIJ0U_gzG0hjhxh,Black Smooth Leather,9.5
AWptboroAGTnQPR7vunR,Black Nubuck Leather,6
AWptW10m0U_gzG0hjf8P,Denim Oiled Fabric,5
AWptcEvNJbEilcB6RC3G,Green,6
AWptcPHrAGTnQPR7vu63,Taupe Leather,6.5
AWptamqcM263mwCq-jCV,White,7 BM US
AWptZcQvM263mwCq-igk,Chestnut,7
AWptbOGEAGTnQPR7vuX-,Black Suede/Black Matte,11
AWptWup6AGTnQPR7vsjh,Black Suede/Black Matte,7
AWptWb15M263mwCq-hkL,Black Faux Leather/Black Matte,8
AWptXbTeAGTnQPR7vsxq,Black,5.5
AWptZinRM263mwCq-ii2,BEETROOT-SILVER,10.5 B US
AWptYSEwJbEilcB6RBDW,White,600
AWptWh2zM263mwCq-hln,Blush Suede,7.5
AWptb23lJbEilcB6RCuo,Red,9
AWptWViRAGTnQPR7vsdQ,Turquoise Glitter,6 M
AWptWXSBAGTnQPR7vsdY,Black Faux Leather and Neon MultiColor,9
AWptX_Mp0U_gzG0hjgR2,Mysterioso / Black / Aluminum,9.5M
AWptZr4xJbEilcB6RBha,Stone,7
AWptX7JFJbEilcB6RA7b,Beige,6.5 BM US
AWptXiDY0U_gzG0hjgJy,Olive,5.5 BM US
AWptY-z20U_gzG0hjgm4,Blue,7.5
AWptWk1UJbEilcB6RAhw,Black,10.5
AWptZbWMJbEilcB6RBbM,Brown,6.5
AWptWUZkAGTnQPR7vsdE,Black,9
AWptZkePJbEilcB6RBeg,Gg2,6.5M
AWpta8I2JbEilcB6RCN2,White Smooth Leather,8.5
AWptbmTFAGTnQPR7vulf,Brown Combo,9
AWptaYoSM263mwCq-i4o,Sky Blue Suede,7.5
AWptcb5hM263mwCq-kFL,Pink,9
AWptaPEJ0U_gzG0hjhCx,Nude,8
AWptXTr-0U_gzG0hjgEl,Stone Nubuck Polyurethane,6.5
AWptXCJ6AGTnQPR7vspN,Red,5.5
AWptW97PM263mwCq-htc,Taupe,12
AWptXlyNJbEilcB6RA2e,Grey Stretch Fabric,8
AWptZW8hJbEilcB6RBZc,Black Stretch Fabric,8.5
AWptanpPAGTnQPR7vt9-,Black Brushed Hologram and Clear,9
AWptczdc0U_gzG0hjiY_,Black,7.5 US / 37.5 EU
AWptWecvM263mwCq-hkg,Blue,6.5
AWptWSKzJbEilcB6RAdn,Gold,10
AWpteI0CJbEilcB6RDOg,White,8.5
AWptWm08AGTnQPR7vshG,Gold,6.5
AWptWRHZAGTnQPR7vscn,Black,12
AWptZpXE0U_gzG0hjg19,Bk,11N
AWptWo8cJbEilcB6RAjJ,Hw2,7M
AWptcUFqJbEilcB6RC-x,Black-patent,6.5
AWptYn6TAGTnQPR7vtJr,Gray,9
AWptbv_Y0U_gzG0hjiAI,Stone,8.5
AWptWfANJbEilcB6RAfg,Natural Leather,10
AWptAYE5JbEilcB6Q997,Taupe,5.5
AWps7pGHJbEilcB6Q9W1,Blush,8
AWps8bQjAGTnQPR7vpbV,Black,11
AWps0exzJbEilcB6Q8zS,Red Brushed Vegan Suede,11
AWpsuiieM263mwCq-bny,Silver,7
AWpsii7GM263mwCq-ZlQ,Purple,6
AWpskCE2AGTnQPR7vk_y,Black,US 8.5
AWpshsoJM263mwCq-ZTN,White PU,6.5 BM US
AWpshGqbAGTnQPR7vkFE,Navy/Charcoal,5
AWpsjBv_JbEilcB6Q4pt,Black Leather,39
AWpslXSjJbEilcB6Q5Pk,Light/Gold,6
AWpsiIESJbEilcB6Q4Vs,Taupe Suede,9 BM US
AWpsizAlM263mwCq-ZrD,Shadow White Cow Leather,42
AWpsg65oM263mwCq-ZDs,Black,US 7
AWpsJI0V0U_gzG0hjTPU,Black Oiled Fabric,5
AWpsEvLW0U_gzG0hjSUG,Natural,8
AWpsKlAT0U_gzG0hjT2y,Dark Brown,8.5
AWpsLZPjM263mwCq-WLg,Taupe,8
AWpsIZWjJbEilcB6Qzpl,Black Leather,37
AWpsGAJcAGTnQPR7vfEi,Bone Suede,9.5
AWpsKuoM0U_gzG0hjUAI,Clear PVC/Silver Multi Rhinestones,10
AWpsFAKnAGTnQPR7vfBb,Red Stretch Patent,14
AWpsJxsU0U_gzG0hjTb8,Cream,9.5 BM US
AWpsFEKLAGTnQPR7vfB2,Cream Suede,8.5
AWpsFCW7M263mwCq-T9k,Cream Suede,12
AWpsKmE3M263mwCq-ViG,Black Suede,10
AWpsFYe70U_gzG0hjSVb,BONE,9 WW
AWpsFGhwM263mwCq-T9z,BONE,10.5 M
AWpsJ9PgM263mwCq-VI6,White,7.5 N
AWpsGPSnAGTnQPR7vfH6,White,5.5 M
AWpsJKhQAGTnQPR7vf-s,Black Cow Suede Leather,12
AWpsF1KrM263mwCq-T_i,Grey,8.5
AWpsJKhI0U_gzG0hjTP_,White,6.5 WW
AWpsLVNr0U_gzG0hjUcH,Leopard,6
AWpsK7JwJbEilcB6Q02c,White,10 WW
AWpsHDMO0U_gzG0hjSoi,Black,6.5
AWpsJ-jFAGTnQPR7vgPD,Whiskey,6.5M
AWpsGOebAGTnQPR7vfHl,WHITE,7.5 M
AWpsF_PUJbEilcB6Qy9f,Black,7 M US
AWpsFFxBAGTnQPR7vfCM,Taupe,6.5
AWpsGRBMAGTnQPR7vfIa,Grey,8.5 BM US
AWpsH-bFM263mwCq-Uja,Taupe,6.5 BM US
AWpsK24Q0U_gzG0hjUHv,Silver,11
AWpsFZPEAGTnQPR7vfC5,White,7 W
AWpsKXbPAGTnQPR7vgef,Black Oil PU Canvas,8
AWpsG0oxJbEilcB6QzKr,Doe Oiled Fabric,10
AWpsIYop0U_gzG0hjTAs,Black,8.5 M
AWpsG0eKM263mwCq-UNs,White,9.5
AWpsJAHBAGTnQPR7vf7X,Brown Printed Python,8
AWpsHE97JbEilcB6QzQE,Charcoal,8.5 BM US
AWpsGfryM263mwCq-UHs,Charcoal,6.5 BM US
AWpsKArX0U_gzG0hjTf-,White,9 BM US
AWpsHFJJM263mwCq-USa,Gray,10
AWpsHntTM263mwCq-UcO,Doe Oiled Fabric,5
AWpsFaecAGTnQPR7vfDA,Leopard,US 6.5
AWpsFH_rJbEilcB6Qy7w,Red,Size 6.5
AWpsKXXnAGTnQPR7vgea,Red,8
AWpsFabH0U_gzG0hjSVo,NavyBlue,6.5 BM US
AWpsHetIJbEilcB6QzXc,Black Leather,8
AWpsHDj4M263mwCq-UR1,Black,9.5 BM US
AWpsKk97JbEilcB6Q0iP,Pink,8
AWpsLX-oJbEilcB6Q1LT,Charcoal,8M
AWpsJ-CFAGTnQPR7vgOx,Navy,7 Medium BM
AWpsKvJzAGTnQPR7vgxH,White,7.5
AWpsKA240U_gzG0hjTgA,Purple,7
AWpsGOp2AGTnQPR7vfHp,Black Leather,8.5
AWpsKJq00U_gzG0hjTjg,White,8
AWpsJLSz0U_gzG0hjTQP,Mid Green Combo,8.5
AWpsH9iKAGTnQPR7vfnB,White,9
AWpsKKTJ0U_gzG0hjTjz,White,5.5 M US
AWpsHHXp0U_gzG0hjSp9,CHESTNUT,10.5 W
AWpsKIzy0U_gzG0hjTjI,White,6.5
AWpsJzkS0U_gzG0hjTci,Cognac Oiled Fabric,6
AWpsKMXjAGTnQPR7vgUI,Champagne Shimmer,6
AWpsIX8mAGTnQPR7vfuc,Red,6.5M
AWpsLWGU0U_gzG0hjUdD,Red Suede,5 Medium BM
AWpsHE-B0U_gzG0hjSpO,Rose Gold,7M
AWpsJxjLJbEilcB6Q0Gb,Black,6.5
AWpsH4fNM263mwCq-Uhf,Chestnut Nubuck Waterproof Polyurethane/Faux Fur,9.5
AWpsFIU5M263mwCq-T-A,Brown,10
AWpsJ0AWAGTnQPR7vgMs,Black Brushed Vegan/Textured Wool,11
AWpsHoG0AGTnQPR7vfgc,Pink,8.5
AWpsH8V4JbEilcB6Qzg1,Gold Silver Metallic,US 7.5
AWpsGhC3AGTnQPR7vfMf,Black,7
AWpsH6CiM263mwCq-UiF,Gold,6
AWpsFDQ70U_gzG0hjSUg,White,13
AWpoFeSHM263mwCq-Qto,Cognac,7.5
AWpoBjQIAGTnQPR7vXyg,Silver,10
AWpoCKRSJbEilcB6QsiT,Black Microbuck/Elastic,7
AWpoB0dlAGTnQPR7vYL-,Nude,8.5
AWpoB_3FM263mwCq-NZP,Nude,7.5
AWpn--seAGTnQPR7vVHX,Clear,11
AWpoDhSKM263mwCq-PQv,Brown,7
AWpoCgae0U_gzG0hjMaK,Denim Blue Canvas/Neon White,9
AWpoB4eD0U_gzG0hjLpl,Purple Leather,39
AWpoBX9DM263mwCq-Mib,Tan,9.5
AWpn-VR2M263mwCq-Jr6,Tan,7.5 BM US
AWpoFtlfJbEilcB6QvwE,Taupe,7
AWpoBI88AGTnQPR7vXSM,Red Leather,41
AWpoDkOzM263mwCq-PUg,Black,7 BM US
AWpoEFLjAGTnQPR7va1N,Black Leather/Nylon,8.5
AWpoE30pJbEilcB6QvQk,Dark Brown Tumbled Leather/Cow Suede,10
AWpoC4qbAGTnQPR7vZgT,Leopard,12
AWpoB3d9M263mwCq-NOH,Cognac Leather,6
AWpn-HFiAGTnQPR7vUsM,White,10 M
AWpoA2eqAGTnQPR7vW6c,Sand Leather,11
AWpoBHFZM263mwCq-MQv,Leopard,9
AWpn_hcSJbEilcB6Qpdi,Black Soft Mini Tumbled Leather,12
AWpoFPsm0U_gzG0hjO8C,Leopard,6.5
AWpoEPSKM263mwCq-P9e,Pewter Combo,7.5 S
AWpoBkbO0U_gzG0hjLNT,Sand Grey Cow Suede Leather,7
AWpoAGQ30U_gzG0hjJfN,BONE,12 M
AWpoBCC50U_gzG0hjKjx,Navy Combo,9.5 W
AWpoBhsiJbEilcB6QrqK,Black,9.5
AWpoB0-fM263mwCq-NKc,BLACK,8 BM US
AWpoDjloM263mwCq-PTd,Black,10
AWpoClK0M263mwCq-OHN,White,11
AWpoDso2JbEilcB6QuVd,Black,8 Standard
AWpoBUxwJbEilcB6QrYl,Doe Cow Suede,9.5
AWpoBqw3M263mwCq-M8c,Black,10
AWpoCgaC0U_gzG0hjMaF,Black,9.5
AWpn-xhk0U_gzG0hjIVj,Grey,7.5 BM US
AWpoBnAyAGTnQPR7vX3l,Black,6 BM US
AWpoFs3OM263mwCq-Q1A,Black Leather,11
AWpoBZBdM263mwCq-MkE,Pewter Leather,11.5
AWpoB3b7AGTnQPR7vYQE,Black Oil PU Canvas,5.5
AWpoBNNs0U_gzG0hjKxC,Coal PU Canvas,9.5
AWpoFdBt0U_gzG0hjPD2,Pewter Leather,5.5
AWpn-VUA0U_gzG0hjIE4,Black Purple,5.5
AWpoFsWV0U_gzG0hjPLc,Silver Iridescent,Size 8
AWpoF5ZiM263mwCq-Q8b,Sand Oiled Fabric,8
AWpoBcOk0U_gzG0hjLCA,White,10
AWpoCgQyAGTnQPR7vZCN,Tan Faux Leather,8
AWpoB1aS0U_gzG0hjLlo,White,7.5
AWpn_hR10U_gzG0hjI9m,Black,7.5M
AWpoB3H80U_gzG0hjLnw,Champange,11 BM US
AWpoBJ4xAGTnQPR7vXTL,White,6 2W US
AWpoA3nFAGTnQPR7vW8I,Black,6.5
AWpoBaCpJbEilcB6Qre0,Black/Pink,6 W
AWpoEFieM263mwCq-Pzc,Black,10
AWpoCiVrAGTnQPR7vZEm,Burgundy Rub-Off Leather,12
AWpoBlU0AGTnQPR7vX1R,Leopard,US 7.5
AWpoB26PM263mwCq-NNP,Doe Oiled Fabric,9
AWpoD3NsJbEilcB6Quf8,Black,7M
AWpoCzTOAGTnQPR7vZZd,Taupe Suede/Faux Fur,10
AWpoFdo-0U_gzG0hjPEY,Black/White Patent,8
AWpoDYIK0U_gzG0hjNeK,Black,7.5
AWpoDYkbAGTnQPR7vaIv,Silver,8.5M
AWpoB8yO0U_gzG0hjLvv,Khaki Green,9
AWpn-xcYAGTnQPR7vU8v,Tobacco Embossed Fabric,8
AWpn-91uM263mwCq-KIV,Black / Gray,8M
AWpoCoal0U_gzG0hjMjY,White/White,7
AWpn_WBj0U_gzG0hjI0P,Silver,7.5
AWpoD438AGTnQPR7vapT,Puma Black-elderberry,8.5 M US
AWpn_jBPM263mwCq-KnL,White,9
AWpn_i0XAGTnQPR7vVkX,Peach Beige Suede,7.5
AWpoAJ-l0U_gzG0hjJjK,Nrgy Turquoise / Puma White,8M
AWpn-iyzAGTnQPR7vUxA,Mid Green Combo,8
AWpoCJPmM263mwCq-Nlz,Blue Coral,7.5
AWpoD2QD0U_gzG0hjN9F,Black Faux Leather/Black Matte,7
AWpoBoEoAGTnQPR7vX5T,Black Vegan Leather/Patent/Multi PVC,7
AWpoBUwzJbEilcB6QrYk,White,10.5 M US
AWpoBE120U_gzG0hjKnZ,Blue,8 BM US
AWpoGy9CJbEilcB6QwFx,Wine,6.5
AWpoFcoa0U_gzG0hjPDg,NAVY,9.5 W
AWpoB5k5AGTnQPR7vYTS,Black,7.5 Standard
AWpoBUNJM263mwCq-MeF,White,8
AWpoFbSlJbEilcB6Qvly,Rosy Polyurethane,5.5
AWpoE155AGTnQPR7vbW0,Sage Mist/White/Tin Grey,8
AWpoAahnJbEilcB6QqRs,White,6
AWpoCjQs0U_gzG0hjMds,Pink,35-36
AWpoB1ziJbEilcB6QsH5,White,7 Medium BM
AWpn-h_ZM263mwCq-JwM,White Stretch Patent,10
AWpn-u_oAGTnQPR7vU6d,Black,10
AWpoChSHM263mwCq-OCl,Flat Black,9
AWpoCHR8JbEilcB6QseW,White,9
AWpn-hrSM263mwCq-JwA,Black,10M
AWpoCoYNAGTnQPR7vZL6,Blush,8.5M
AWpoB2Au0U_gzG0hjLmb,Black,5
AWpoBl1TJbEilcB6QrwU,Black,10.5
AWpoAvAZJbEilcB6Qqp-,Black,8
AWpoBUOsAGTnQPR7vXeM,Ink Suede,11
AWpoGjX20U_gzG0hjPdA,Black Lux Soft Leather,8.5
AWpoA3wwAGTnQPR7vW8U,Off White Veg Calf Leather,9.5 M
AWpoBELe0U_gzG0hjKmY,Whisper White,9 M US
AWpoGH_HAGTnQPR7vcB4,Cement,6.5 BM US
AWpn-zKkM263mwCq-J-4,Cement,9 BM US
AWpoCjc3M263mwCq-OE8,Tan,10 BM US
AWpoFEDjJbEilcB6QvY_,Tan,8.5 BM US
AWpoBnZTJbEilcB6Qryo,Nude,11 BM US
AWpoCmERJbEilcB6QtDN,Black,11 BM US
AWpoBGfCJbEilcB6QrJF,Black Brushed Vegan/Textured Wool,7.5
AWpn_17IM263mwCq-K2I,Nude,7
AWpoGxxPAGTnQPR7vcLl,Black,7.5
AWpoF7IAAGTnQPR7vb_C,Brown,8.5
AWpoFcSDAGTnQPR7vbtv,Tan,8 Medium BM
AWpn-FHEM263mwCq-JrS,Camel,7.5
AWpoCG4MAGTnQPR7vYjW,Black,5
AWpn-VsYM263mwCq-JsC,Silver,5.5
AWpoGyoCJbEilcB6QwFs,White Soft Full Grain Leather,5
AWpoBLshJbEilcB6QrPR,White Soft Full Grain Leather,6
AWpoDOPC0U_gzG0hjNQh,Black Soft Full Grain Leather,7.5
AWpn_XYHJbEilcB6QpVT,Black Soft Full Grain Leather,6.5
AWpoC4RLAGTnQPR7vZft,Hot Pink Stretch Patent,7
AWpn-xY4M263mwCq-J8z,Red,7
AWpoB4980U_gzG0hjLqY,Taupe Faux Leather,6.5
AWpoCmqD0U_gzG0hjMhe,Gold,5
AWpn-u_-0U_gzG0hjITR,Yellow,7
AWpoE2VZ0U_gzG0hjOr8,Grey,6
AWpn-0AYJbEilcB6Qo4u,Black Smooth Leather,5
AWpoFeo5JbEilcB6Qvof,Indigo Suede,6
AWpn-YW4AGTnQPR7vUs9,Black,10
AWpoB043M263mwCq-NKP,White/White,12
AWpn3-PrAGTnQPR7vUpW,Black,9 M US Women
AWpn3eeKAGTnQPR7vUg-,Black Suede,6.5
AWpn2m0TM263mwCq-JRz,"Black, Green",9
AWpn0F9q0U_gzG0hjG-m,Black,11M
AWpn05u70U_gzG0hjHMW,Dusty Mauve Microfiber,10
AWpn1ohuJbEilcB6Qn6q,Black Micro Suede,8.5
AWpn2oMAAGTnQPR7vUSr,Leopard Multi,9 BM US
AWpn1BZCAGTnQPR7vT1C,White,7.5
AWpn1TFAM263mwCq-I5M,Black,10
AWpn30wS0U_gzG0hjH_g,Er3,5.5M
AWpn0So7AGTnQPR7vTpO,Fr3,10M
AWpn3sENM263mwCq-Jku,Brown,6 BM US
AWpn1D9j0U_gzG0hjHPp,Black Leather/Nylon,10
AWpn3fXeM263mwCq-JhP,Tan,8.5 BM US
AWpn3rwv0U_gzG0hjH9Q,Black,7.5 BM US
AWpn3n7SM263mwCq-Jje,Pink,10
AWpn1S4GAGTnQPR7vT6s,Pink,6
AWpn0dUaM263mwCq-Iqt,Black,9M
AWpn1YP0AGTnQPR7vT8F,BlackPU,14
AWpn0WO_JbEilcB6QnjQ,Doe Oiled Fabric,7
AWpn0DERAGTnQPR7vTkr,Nero / Black,6.5M
AWpn33L0AGTnQPR7vUnz,Black/Silver,9 BM US
AWpn1jyaM263mwCq-I-2,Beige,9 BM US
AWpn3njKAGTnQPR7vUji,Black Vegan Leather,6
AWpn3yZPM263mwCq-JmL,Brown,8
AWpn1SP_M263mwCq-I5C,Black Leather,8.5
AWpn2tPn0U_gzG0hjHtN,Black Leather,7.5
AWpn2PIj0U_gzG0hjHlL,Black Suede,7
AWpn0Uhi0U_gzG0hjHC-,Black Lux Soft Leather,10
AWpn3u-WAGTnQPR7vUlO,Black Suede,13
AWpn1XbWM263mwCq-I6s,Pink,7
AWpn2ETX0U_gzG0hjHiH,Doe Oiled Fabric,8.5
AWpn3pnHAGTnQPR7vUkS,Brown,8
AWpn3WxPJbEilcB6QoZI,Red and White,Size 10
AWpn1xEjAGTnQPR7vUDq,Brown,8.5 BM US
AWpn3Tim0U_gzG0hjH3Q,Blue,7
AWpn1qgE0U_gzG0hjHbb,Olive,7
AWpn4C0hJbEilcB6Qoju,Taupe,36 EU
AWpn3IpeJbEilcB6QoU6,Brown,11
AWpn0MvvJbEilcB6Qngl,Black and Purple,9
AWpn16ef0U_gzG0hjHf2,Red,10
AWpn1xuDAGTnQPR7vUD1,Dk Brown,US 8.5
AWpn1InT0U_gzG0hjHRP,Black Faux Leather/Silver Multi Rhinestones,7
AWpn2YirM263mwCq-JN2,Black/Black Textile,8
AWpn1uIg0U_gzG0hjHcb,Lotus/Marshmallow Textile,9
AWpn1hLL0U_gzG0hjHYa,Black Multi Leather,42
AWpn3xYPM263mwCq-Jlt,Black Multi Leather,40
AWpn2MdJJbEilcB6QoEo,Clear,5
AWpn3mKsAGTnQPR7vUjF,Black Calf,10.5
AWpn0_ylM263mwCq-Izf,Aluminum / Aquarium / Neon Lime,9M
AWpn21oR0U_gzG0hjHvr,"Navy / White,Navy/White",7M
AWpn343SJbEilcB6Qoh-,Red/Black Micro Suede/Faux Fur,7
AWpn3529JbEilcB6Qoic,Black,7
AWpn0XlfM263mwCq-Io9,Off White Burnished Suede,6.5
AWpn2Tvn0U_gzG0hjHmi,Black,9
AWpn2PESAGTnQPR7vULc,Bronze,11
AWpn10C60U_gzG0hjHeK,Black/Black Stretch,8
AWpn01HzM263mwCq-Iwt,Black,7 M US
AWpn1PwyJbEilcB6QnzG,Black,6.5
AWpn3-JUJbEilcB6QojO,Grey,5.5
AWpn2sBrM263mwCq-JTT,Grey,9
AWpn1-S80U_gzG0hjHg0,Black Multi,6
AWpn3rnsAGTnQPR7vUk2,Deb,6
AWpn0EY4M263mwCq-IjN,Black,10.5
AWpn2V4nM263mwCq-JNE,Black,9 M US Women
AWpn2S8QJbEilcB6QoGw,Navy Crushed Leather,38
AWpn34n6M263mwCq-Jn2,Black,9
AWpn0w39JbEilcB6QnqF,Light Blue,8.5 BM US
AWpn0nY6JbEilcB6Qnnq,Charcoal Suede Smooth,7.5 Medium BM
AWpn1wu0M263mwCq-JCo,Black,9.5
AWpn5Jt_JbEilcB6Qols,Nude Leather,9
AWpn1RqbAGTnQPR7vT6R,Wine,7.5
AWpn1BbiJbEilcB6Qnu-,Black Snake,US 7.5
AWpnZt7nAGTnQPR7vKMx,Cognac,9.5M
AWpnbI47AGTnQPR7vLcS,Brown Suede Smooth,8.5 Medium BM
AWpnWx_20U_gzG0hi3x8,Gold,8.5 BM US
AWpnZmp9AGTnQPR7vKDJ,Natural,7
AWpnPxKl0U_gzG0hi2xC,Black Faux Suede,12
AWpnLGSSJbEilcB6QUHQ,Black/Pewter Faux Suede,11
AWpnLB5EJbEilcB6QUA-,Bronze,36 EU / 5.5-6 US
AWpnPGm5M263mwCq94Nj,Black,7
AWpnBT1n0U_gzG0hixH9,Red Mesh Fabric,7.5
AWpnAib4JbEilcB6QRsD,Theatrical Pink,4
AWpm-2UcAGTnQPR7u9UJ,Camel,6.5
AWpjCsdg0U_gzG0hisGW,Brown/Blue Fish Leather,9
AWpjIp-iAGTnQPR7u6Qj,Brown/Blue Fish Leather,6.5
AWpjIRtm0U_gzG0hitKj,Bomber/Bomber Fish Leather,9
AWpjFyAeJbEilcB6QNqC,Bomber/Turquoise Fish Leather,8
AWpjJmW_M263mwCq9u4_,Bomber/Bomber Fish Leather,6
AWpjGngqAGTnQPR7u5-b,Grey,5.5
AWpjJcfLM263mwCq9u3G,Grey,6
AWpjI1p70U_gzG0hitN5,Wine,12
AWpjDipy0U_gzG0hisVQ,Wine,6
AWpjCuVOJbEilcB6QNBS,Grey,10
AWpjHr080U_gzG0hitF1,Navy,8.5
AWpjH-zzJbEilcB6QN8M,Bomber/Mahogany Leather,9
AWpjIcd80U_gzG0hitLk,Bomber/Tan Leather,9.5
AWpjBiAAM263mwCq9tbj,Bomber/Mahogany Leather,8
AWpjJtePM263mwCq9u6J,Bomber/Mahogany Leather,10
AWpjJndsM263mwCq9u5N,Grey Suedette,6
AWpjFVPbJbEilcB6QNmR,Pajama Blue,11
AWpjEeO7JbEilcB6QNbE,Black Multi Leather,37
AWpjA7g6AGTnQPR7u4zH,Denim Oiled Fabric,7.5
AWpjAkLo0U_gzG0hirqP,Denim Oiled Fabric,10
AWpjFGtkM263mwCq9uSG,Dark Gray Nylon,10
AWpjIBFPM263mwCq9us_,Royal Nylon,7
AWpjIB0lM263mwCq9utK,Denim Oiled Fabric,9.5
AWpjFLIhM263mwCq9uTA,Navy Smooth Synthetic,6
AWpjIW3oJbEilcB6QN_2,White,10
AWpjBO8KM263mwCq9tYR,Espresso Smooth Synthetic,9
AWpjHvr_M263mwCq9urB,Wine,7.5
AWpjBSUy0U_gzG0hirx9,Mushroom,8 BM US
AWpjHhRqJbEilcB6QN4B,Black,6
AWpjCEvY0U_gzG0hir80,Taupe Open Toe,6.5
AWpjCDko0U_gzG0hir8e,Truffle Taupe,11
AWpjI_xO0U_gzG0hitPH,Submarine Blue,9.5
AWpjAr2i0U_gzG0hirrK,Black,8.5
AWpjCtjrAGTnQPR7u5Lv,Truffle Taupe,7
AWpjG3o2M263mwCq9ujB,Whisky Plain,6.5 BM US
AWpjHSkD0U_gzG0hitBY,Black Fur,8 BM US
AWpjEoZgAGTnQPR7u5qN,Truffle Taupe,8
AWpjGbZTJbEilcB6QNvA,Submarine Blue,9
AWpjDTJK0U_gzG0hisRD,Black,8
AWpjFyPEAGTnQPR7u53Q,Truffle Taupe,8
AWpjFpTRAGTnQPR7u513,Black,9
AWpjFm2RM263mwCq9uYZ,Black,11
AWpjCAId0U_gzG0hir7p,Black,7
AWpjEd_m0U_gzG0hisjG,Natural,10
AWpjIv2gAGTnQPR7u6Ro,Black,8.5
AWpjI35R0U_gzG0hitOH,Navy,8.5
AWpjEgpyAGTnQPR7u5ot,Natural,6
AWpjFTMz0U_gzG0hisvQ,Natural,8
AWpjDzOs0U_gzG0hisaE,Navy Blue,8
AWpjBXd2M263mwCq9tZ8,Brown,9.5
AWpjIOKJAGTnQPR7u6Lc,Brown,8
AWpjEI6nM263mwCq9uD8,Navy Blue,9
AWpjHzTXJbEilcB6QN6A,Black,8
AWpjBsaGAGTnQPR7u48a,Wine,6.5
AWpjJiZJM263mwCq9u4U,Tan,7.5
AWpjCHaiM263mwCq9tj2,Navy,7
AWpjFkp80U_gzG0hisyA,Wine,9
AWpjBlpiJbEilcB6QMwQ,Navy Smooth Sueded Polyurethane,5.5
AWpjFvzgJbEilcB6QNpu,Navy Smooth Sueded Polyurethane,6
AWpjJKLBM263mwCq9u1u,Navy Smooth Sueded Polyurethane,10
AWpjC8BNAGTnQPR7u5Pb,Sage Smooth Sueded Polyurethane,7
AWpjDw4FJbEilcB6QNR7,Sage Smooth Sueded Polyurethane,8
AWpjAw5CAGTnQPR7u4xC,Navy Smooth Sueded Polyurethane,7
AWpjB-NbM263mwCq9th8,Navy Smooth Sueded Polyurethane,9
AWpjBdhHAGTnQPR7u45L,Black,6.5
AWpjA-gaM263mwCq9tUo,Olive Green Leather,38
AWpjDlzWAGTnQPR7u5aq,Camel Leather,36
AWpjAttaM263mwCq9tRi,Navy,9.5
AWpjHPwSAGTnQPR7u6EB,Blue,6.5
AWpjDOabAGTnQPR7u5Uj,Hot Pink Fur,8
AWpjIbddM263mwCq9uwU,Rust,7
AWpjBDacM263mwCq9tVx,Taupe,8
AWpjBSmfJbEilcB6QMsj,Olive,6.5
AWpjA3H6M263mwCq9tTO,Taupe,9.5
AWpjEA_jAGTnQPR7u5hF,Navy Leather,40
AWpjA-dMM263mwCq9tUk,Taupe,10
AWpjIzgYM263mwCq9uzA,Rust,7.5
AWpjJ_2kM263mwCq9u9C,Taupe,7
AWpjFM24JbEilcB6QNkO,Turquoise Leather,39
AWpjCfNMJbEilcB6QM9P,Black Mango,8
AWpjIp2fAGTnQPR7u6Qe,Brown Mango,9
AWpjCoPc0U_gzG0hisFD,Tan Mango,7.5
AWpjDpc9M263mwCq9t8K,Brown Mango31,11
AWpjBVZV0U_gzG0hiryn,Pink,8
AWpjHqvd0U_gzG0hitFp,Black Faux Leather,5
AWpjJfoCM263mwCq9u3o,Navy Faux Leather,9
AWpjJTbEAGTnQPR7u6VJ,TAUPE,8.5
AWpjHPXzM263mwCq9ulW,TAUPE,11
AWpjEyH3M263mwCq9uNK,BLACK,8.5
AWpjJhkT0U_gzG0hitS2,TAUPE,7
AWpjFU65JbEilcB6QNmL,DENIM,7
AWpjGXTZM263mwCq9ufF,Doe Oiled Fabric,6
AWpjD6DkAGTnQPR7u5fz,Olive Oiled Fabric,9
AWpjJJhLM263mwCq9u1s,Black Oiled Fabric,11
AWpjIBkJ0U_gzG0hitIn,Black Oiled Fabric,7.5
AWpjFJSj0U_gzG0histI,Olive Oiled Fabric,11
AWpjFZ540U_gzG0hiswU,Olive Oiled Fabric,5.5
AWpjCe63AGTnQPR7u5Hy,Black Smooth Burnished Polyurethane,9.5
AWpjJP1F0U_gzG0hitQ2,Charcoal Smooth Burnish Polyurethane,6
AWpjIbGbJbEilcB6QOA6,Black Smooth Burnished Polyurethane,7.5
AWpjHQ3TJbEilcB6QN2g,Black,6.5
AWpjBMI7AGTnQPR7u42F,Charcoal Smooth Burnish Polyurethane,9
AWpjFzUA0U_gzG0hisz1,Brown,8.5
AWpjIU_cAGTnQPR7u6Mx,Sand Oiled Fabric,7.5
AWpjD8qVJbEilcB6QNUU,Mocha,10 Boot
AWpjC-p9JbEilcB6QNFs,Rust,6.5 BM US
AWpjHyELJbEilcB6QN5v,Nude,8 BM US
AWpjEa0TAGTnQPR7u5nV,Dark Taupe,11
AWpjINtTM263mwCq9uvC,Black Stretch PU,8
AWpjAkl1AGTnQPR7u4vj,Black Suede PU,6.5 Medium BM
AWpjC6E5M263mwCq9tvk,Black,5
AWpjBXn7M263mwCq9tZ9,Black,7.5
AWpjIJb9JbEilcB6QN9g,Blue Denim,10
AWpjFeDy0U_gzG0hisw6,Tan,7.5
AWpjEaOO0U_gzG0hisia,Brown,9
AWpjBaNK0U_gzG0hirzY,Tan,10
AWpjJbg9M263mwCq9u23,Black,7.5
AWpjEeTqJbEilcB6QNbI,Blue Denim,8
AWpjJgeC0U_gzG0hitSl,Black,9
AWpjH8w2JbEilcB6QN7k,Blue Denim,6.5
AWpjBAOYAGTnQPR7u4z5,Black,8
AWpjEnjLAGTnQPR7u5qC,Black,6 BM US
AWpjE3uVJbEilcB6QNgT,Tan,9
AWpjErldM263mwCq9uME,Brown,9
AWpjDTROM263mwCq9t2K,Wine,6.5
AWpjItyOJbEilcB6QOEL,Black Cow Suede,8.5
AWpjFQvgAGTnQPR7u5yT,Black Cow Suede,7.5
AWpjFoCpJbEilcB6QNov,Black Cow Suede,10.5
AWpjIIG8JbEilcB6QN9O,Dark Taupe Cow Suede,12
AWpjHoti0U_gzG0hitFO,Black Cow Suede,9.5
AWpjD_nP0U_gzG0hisdG,Dark Grey Cow Suede,12
AWpjFSWBAGTnQPR7u5yx,Black,7 M US
AWpjAmNYM263mwCq9tQy,Dark Taupe Cow Suede,8.5
AWpjEKKRJbEilcB6QNWa,Brandy Suede,8.5
AWpjGU7E0U_gzG0his46,Dark Taupe Cow Suede,9.5
AWpjJvUyM263mwCq9u6b,BLACK,8.5
AWpjHdIwM263mwCq9un5,BLACK,7.5
AWpjHpLdM263mwCq9uqC,Brown,8.5
AWpjHEbIAGTnQPR7u6Cp,Black,6
AWpjCz9l0U_gzG0hisIW,Black,9.5
AWpjGnt20U_gzG0his7i,Brown Snake Polyurethane,10
AWpjEY2nM263mwCq9uHC,Black,6 BM US
AWpjC_N6JbEilcB6QNF3,Black,6.5 BM US
AWpjA_CTJbEilcB6QMos,Black Microsuede,9 BM US
AWpjJEn1JbEilcB6QOG1,Black Lyte,9 BM US
AWpjJtEcM263mwCq9u6H,Black,9
AWpjBS8M0U_gzG0hiryJ,Black Lyte,6 BM US
AWpjGjwhM263mwCq9ugy,Black Faux Leather,6.5
AWpjJyCe0U_gzG0hitVf,Grey91013,11
AWpjBsZkM263mwCq9td5,Black90002,11
AWpjGbKzAGTnQPR7u58w,Black Stretch Fabric,5.5
AWpjCXfw0U_gzG0hisA5,Black,9
AWpjFK0aAGTnQPR7u5w0,Stone,10
AWpjCSAUM263mwCq9tly,Chestnut,8.5
AWpjIAumM263mwCq9us8,Black,8.5
AWpjA16fJbEilcB6QMm9,Chestnut,8
AWpjISH90U_gzG0hitKm,Cognac,6M
AWpjHw3GM263mwCq9urM,Black,6.5 M US
AWpjCLf10U_gzG0hir94,Brown,5.5 BM US
AWpjIGovJbEilcB6QN87,Black,8 Medium BM
AWpjEJjkM263mwCq9uED,Black,10
AWpjBcUYJbEilcB6QMud,Black,7
AWpjBHqO0U_gzG0hirwJ,Black,Kids 5 Plus
AWpjDZIWM263mwCq9t3s,Black,Kids 6 Plus
AWpjIuhU0U_gzG0hitNP,Taupe,11
AWpjEk3O0U_gzG0hiskr,Taupe,6
AWpjHmne0U_gzG0hitE2,Taupe,8
AWpjGdEw0U_gzG0his6C,Black,8
AWpjB6bNM263mwCq9thH,Chestnut,7
AWpjFwkYM263mwCq9uZn,Grey,11
AWpjA4TqM263mwCq9tTX,Taupe,12
AWpjCdynJbEilcB6QM83,Chestnut,8
AWpjCszYAGTnQPR7u5Ll,Black Pandora Leather,7 M US
AWpjEF6i0U_gzG0hiseh,White Pandora Leather,8 M US
AWpjGJzmM263mwCq9uco,Black Pandora Leather,8.5 M US
AWpjBAlgM263mwCq9tVJ,Black,8
AWpjEVZP0U_gzG0hishc,White Pandora Leather,7.5 M US
AWpjJ961M263mwCq9u8t,Black Stretch Patent/Black,8
AWpjINBVAGTnQPR7u6LW,CHESTNUT,11 M
AWpjGQEEM263mwCq9udy,CHOCOLATE,6 M
AWpjDSy7M263mwCq9t2H,Black,5
AWpjIVq0AGTnQPR7u6M7,BLACK,6.5 M
AWpjBb6DJbEilcB6QMuV,CHESTNUT,6.5 M
AWpjErWIAGTnQPR7u5qt,BLACK,7 M
AWpjA-pVM263mwCq9tUt,BLACK,10 M
AWpjGV5vM263mwCq9uez,Black Fabric,7
AWpjEMfMJbEilcB6QNW3,Black,9
AWpjI6vX0U_gzG0hitOh,Wine Embossed Velvet,9.5
AWpjC-SS0U_gzG0hisLh,Black Embossed Velvet,7.5
AWpjGhPzM263mwCq9uga,Black Embossed Velvet,7
AWpjDMej0U_gzG0hisPS,Wine Embossed Velvet,6.5
AWpjGqLt0U_gzG0his7x,Burgundy Lizard Fabric,13
AWpjGa5F0U_gzG0his5z,Wine Embossed Velvet,7.5
AWpjBC-60U_gzG0hirvU,Black Embossed Velvet,13
AWpjH7mkJbEilcB6QN7V,Brown Lizard Fabric,10
AWpjBfm8AGTnQPR7u45o,Black Lizard Fabric,13
AWpjCmaJM263mwCq9tqi,Oxblood,7.5
AWpjFKTJM263mwCq9uS1,Grey,8
AWpjHfn70U_gzG0hitDs,Black Faux Leather,10
AWpjIc89M263mwCq9uwi,Black Faux Leather,9
AWpjDnunM263mwCq9t7x,Tan ELMAA-02,6.5
AWpjI1RO0U_gzG0hitN2,Shiny Navy,9
AWpjChAEJbEilcB6QM9n,Black,8
AWpjFITUAGTnQPR7u5wV,Grey,7
AWpjBAa90U_gzG0hiruw,Grey,6
AWpjAoNn0U_gzG0hirqs,Black Croc Texture,8
AWpjB_vdAGTnQPR7u5AU,Black Croc Texture,7
AWpjFZNn0U_gzG0hiswL,Navy Combo Fabric,11
AWpjJ-vR0U_gzG0hitXw,Navy Combo Fabric,10
AWpjG0Q_JbEilcB6QNyK,Navy Combo Fabric,6
AWpjDswKAGTnQPR7u5cw,Navy Combo Fabric,9
AWpjEkjcM263mwCq9uKJ,Light Grey Combo Fabric,7.5
AWpjE9H70U_gzG0hisqZ,Black Fabric,10
AWpjIuRWJbEilcB6QOEO,Navy Combo Fabric,8
AWpjIjW7JbEilcB6QOCP,Light Grey Combo Fabric,5
AWpjH5q0JbEilcB6QN7H,Black Fabric,5.5
AWpjGYxBM263mwCq9ufP,Black Fabric,7.5
AWpjIDqM0U_gzG0hitI4,White Faux Leather,5.5
AWpjFV6lAGTnQPR7u5zr,BLACK,7.5
AWpjBwLqM263mwCq9te1,Camo,6.5
AWpjJczu0U_gzG0hitR2,Emerald,8 M
AWpjDdO40U_gzG0hisTv,Merino Leaf,8.5 Medium BM
AWpjD4gY0U_gzG0hisbX,Black,8.5 Medium BM
AWpjB8dZJbEilcB6QM1m,Forest,8
AWpjBCUXJbEilcB6QMpM,Black,6
AWpjHzUpJbEilcB6QN6B,Rioja / Olive,36 M EU / 6 BM US
AWpjCwAeJbEilcB6QNBm,Peat Leather,9 Wide CDW
AWpjGAd1AGTnQPR7u55o,Black Leather,10 Medium BM
AWpjCdkX0U_gzG0hisCP,Black Microfiber,9
AWpjFdnYJbEilcB6QNnd,Pack Green Microfiber,7
AWpjKCOsAGTnQPR7u6ZZ,Black Microfiber,5.5
AWpjBmkWM263mwCq9tci,Pack Green Microfiber,11
AWpjGL1x0U_gzG0his3O,Black Microfiber,7
AWpjHPA8JbEilcB6QN2T,Black Microfiber,7.5
AWpjEK7CM263mwCq9uEQ,LIME,12
AWpjC_A8JbEilcB6QNF1,DARK PURPLE,6
AWpjDEk0JbEilcB6QNHU,Black-suede,11
AWpjGkacM263mwCq9ug8,OLIVE,7
AWpjA8Ig0U_gzG0hiruB,OLIVE,8.5
AWpjD5CkAGTnQPR7u5fo,Black,6
AWpjD5bcM263mwCq9uAd,Army,9
AWpjEfaQ0U_gzG0hisjd,Green,Size 10
AWpjH6W9AGTnQPR7u6It,OLIVE,8.5
AWpjBnTbM263mwCq9tcp,OLIVE,6
AWpjEpFi0U_gzG0hislv,Nude,5
AWpjC05JM263mwCq9tuF,OLIVE,10
AWpjFV20M263mwCq9uVc,Black Velvet,11 BM US
AWpjCgycAGTnQPR7u5IV,Tan Suede,8.5 BM US
AWpjGgp7AGTnQPR7u59o,Army Suede,11 BM US
AWpjHlSC0U_gzG0hitEq,Tan Suede,11 BM US
AWpjGxBLJbEilcB6QNxz,Black Velvet,6.5 BM US
AWpjHlz1M263mwCq9upc,White,8.5
AWpjEyvIM263mwCq9uNX,OLIVE,6.5
AWpjCvrcAGTnQPR7u5MS,Midnight,8M
AWpjDXnp0U_gzG0hisSc,Blue,Purple 10
AWpjJyIzM263mwCq9u6z,OL/PPL/ASH,12
AWpjEnguAGTnQPR7u5qA,Green,10M
AWpjGD8aJbEilcB6QNsq,Red Snake PU,Size 10
AWpjIK7SAGTnQPR7u6LF,Red Snake PU,Size 8
AWpjGq_FAGTnQPR7u5-7,Taupe,8.5
AWpjEYOo0U_gzG0hisiH,Green Lime Snake PU,Size 9
AWpjAx0JM263mwCq9tSR,Gray and Blue,8
AWpjJUpPJbEilcB6QOIa,Olive,5
AWpjDNyJ0U_gzG0hisPm,Dark Tan,8.5
AWpjIkr3JbEilcB6QOCg,Olive,9
AWpjHHeNAGTnQPR7u6DG,Augergine,7.5
AWpjJ_m20U_gzG0hitX4,Dark Tan,9
AWpjG13ZAGTnQPR7u6Af,Nude,9
AWpjEPEzM263mwCq9uFK,Black,7
AWpjJubO0U_gzG0hitU1,Black,9.5
AWpjAxP7M263mwCq9tSI,Pine,6.5
AWpjJiJj0U_gzG0hitTB,White,7
AWpjHyvuJbEilcB6QN55,Camel Suede,8.5
AWpjJ7KRM263mwCq9u8D,Olive Suede,7.5
AWpjDkBtM263mwCq9t6w,Black,11
AWpjAkJaM263mwCq9tQl,Olive,9
AWpjIrOyAGTnQPR7u6Qt,Pine,8
AWpjJwnw0U_gzG0hitVQ,Black,7.5
AWpjAqyBAGTnQPR7u4wQ,Black Suede,6.5 Medium BM
AWpjBSXeM263mwCq9tY4,Sand,6
AWpjFZw8AGTnQPR7u50E,Black Suede,9.5
AWpjB2YI0U_gzG0hir5t,Dark Olive,11
AWpjE9KXM263mwCq9uP8,Dark Olive,8.5
AWpjHA1g0U_gzG0his-w,Taupe,6
AWpjC2KQJbEilcB6QNDL,Dark Olive,8.5
AWpjJzOZ0U_gzG0hitVz,Black,9
AWpjAxVBM263mwCq9tSL,Beige,8 M US Women
AWpjF0qmJbEilcB6QNqn,Beige,8.5 M US Women
AWpjBnp5M263mwCq9tcu,Black,9
AWpjGfyRAGTnQPR7u59h,Burgundy,10 M US Women
AWpjJ7lf0U_gzG0hitXC,White,10
AWpjDnrg0U_gzG0hisWs,White,6
AWpjH0NiJbEilcB6QN6J,White,8.5 M
AWpjFskjM263mwCq9uZH,Burgundy,7.5 M US Women
AWpjJ3kkM263mwCq9u7w,Burgundy,7 M US Women
AWpjHdHjM263mwCq9un4,Black,6.5
AWpjFfJX0U_gzG0hisxD,Burgundy,6 M US Women
AWpjD1DuM263mwCq9t_a,White,9.5
AWpjCiNUM263mwCq9tpm,White,6.5
AWpjAp8aJbEilcB6QMlG,Black,7
AWpjJPb1AGTnQPR7u6Us,Navy,12 WW US
AWpjHn4-0U_gzG0hitFA,Camel Leather,8
AWpjCFAvAGTnQPR7u5Bi,Taupe,8.5M
AWpjFw7zAGTnQPR7u53A,Olive,6.5M
AWpjBENYM263mwCq9tV7,Taupe,7M
AWpjI02QM263mwCq9uzE,Olive,8M
AWpjCvToAGTnQPR7u5MN,Taupe,7.5M
AWpjJTeSAGTnQPR7u6VN,Sand Oiled Fabric,7
AWpjI0i1JbEilcB6QOFR,Black Oiled Fabric,8.5
AWpjE-sxM263mwCq9uQT,Black Oiled Fabric,7.5
AWpjG2dX0U_gzG0his9q,Sand Oiled Fabric,6.5
AWpjHQ1nM263mwCq9ulm,Tan,8.5 BM US
AWpjDy0q0U_gzG0hisZ8,Tan,9 BM US
AWpjGusBAGTnQPR7u5_g,Black,7 M US Women
AWpjEE-VAGTnQPR7u5h8,Black,6.5 M US Women
AWpjIWOvJbEilcB6QN_u,White,11 M US
AWpjIZj6JbEilcB6QOAs,Black,8.5
AWpjDa-hAGTnQPR7u5X3,Black,7.5
AWpjJmh10U_gzG0hitTs,Camel,8.5
AWpjG1M8AGTnQPR7u6AY,Black NBPU,6.5 BM US
AWpjBGxcM263mwCq9tWg,Bordeaux Vegetable Leather,37
AWpjHgbmM263mwCq9uoa,Navy Vegetable Leather,36
AWpjJoqPM263mwCq9u5a,Bordeaux Vegetable Leather,42
AWpjHeB9M263mwCq9uoE,Navy Vegetable Leather,41
AWpjCN7H0U_gzG0hir-b,Hazelnut Suedette Fabric,6.5
AWpjCjKRM263mwCq9tp4,White,10
AWpjIVD4AGTnQPR7u6M0,Forest,6
AWpjBbbR0U_gzG0hirzn,Forest,10
AWpjE9uDM263mwCq9uQH,Forest,8
AWpjGRAMAGTnQPR7u57b,Tan,8.5
AWpjCTOS0U_gzG0hir_s,Olive Green Leather,40
AWpjDhQcM263mwCq9t58,Olive Green Leather,39
AWpjHr7g0U_gzG0hitF2,Burgundy,8 BM US
AWpjGsKiAGTnQPR7u5_G,Burgundy,7 BM US
AWpjD1_wJbEilcB6QNS-,Olive,7 BM US
AWpjJlOkM263mwCq9u4u,Burgundy,9 BM US
AWpjIESMAGTnQPR7u6J0,Mocha,5.5
AWpjBIDEM263mwCq9tW8,COAL SUEDE,7 BM US
AWpjBsP50U_gzG0hir3O,White,42
AWpjJrGHM263mwCq9u52,White,40
AWpjJZusAGTnQPR7u6WR,Deep Moss Leather,7.5
AWpjJsBA0U_gzG0hitUg,Red Leather,38
AWpjIfWsJbEilcB6QOBb,Grey Leather,37
AWpjDJHzM263mwCq9tzz,Red Leather,41
AWpjG70EAGTnQPR7u6BQ,Red Leather,39
AWpjIltxAGTnQPR7u6Pq,WINE,10
AWpjIE5tAGTnQPR7u6J5,OLIVE,7.5
AWpjHX9KAGTnQPR7u6Ex,BLACK,6
AWpjC1khM263mwCq9tuU,OLIVE,6.5
AWpjDtgD0U_gzG0hisYc,Black Leather,40
AWpjDblv0U_gzG0hisTY,Brown,9
AWpjIGD8JbEilcB6QN8w,Brown,10
AWpjDXtP0U_gzG0hisSe,Green,7
AWpjA6AjAGTnQPR7u4yv,Muir Green,8M
AWpjC7pzM263mwCq9twI,Smokey Brown,5M
AWpjBlV7JbEilcB6QMwG,Brown,US 8
AWpjBgFWAGTnQPR7u45x,Brown,US 4
AWpjE4sxAGTnQPR7u5ti,Black,US 5
AWpjJFtqAGTnQPR7u6Ty,Black,10 BM US
AWpjF_-JJbEilcB6QNr-,Olive,6.5 BM US
AWpjCyPDJbEilcB6QNCO,Nude,7.5 BM US
AWpjJEt_0U_gzG0hitPo,Nude,10 BM US
AWpjHZk6M263mwCq9unP,Black,8.5
AWpjHY4D0U_gzG0hitCg,Black Brushed Polyurethane,5.5
AWpjInUlAGTnQPR7u6QA,Black,6
AWpjGfIkAGTnQPR7u59a,Olive Oiled Fabric,8.5
AWpjEKvOJbEilcB6QNWk,Black Versailles,8.5
AWpjD2yfM263mwCq9t_1,Woodland,8
AWpjA83HM263mwCq9tUT,Woodland,7.5
AWpjCJyOAGTnQPR7u5C6,Whiskey Suede,5 BM US
AWpjDXgxJbEilcB6QNL9,PEAT SUEDE,5 BM US
AWpjDh3ZJbEilcB6QNOb,Doe Oiled Fabric,7
AWpjEUFoM263mwCq9uGA,Olive,8 BM
AWpjGu3HM263mwCq9uiE,Black,8 BM
AWpi2xSs0U_gzG0hinGF,Black/Tan Rubber,11
AWpi5LUhAGTnQPR7u2nA,Black Microfiber,8.5
AWpi1jOvJbEilcB6QHIG,Regal red,5
AWpi6spUM263mwCq9sfD,Black,9
AWpi4malAGTnQPR7u2BH,Camel,6
AWpi1Kbb0U_gzG0himDL,Black,11
AWpi2CNZM263mwCq9oFc,Brown/Multi/Dis,8.5
AWpi2DEpM263mwCq9oFz,CAMEL,8
AWpi58WZM263mwCq9r1c,LEOPARD,7
AWpi5KJvJbEilcB6QKYD,Grey,8
AWpi8-q4AGTnQPR7u4i1,micro suede,9
AWpi46qK0U_gzG0hipOE,Brown,8 BM US
AWpi9MdVAGTnQPR7u4q0,Brown Leatherette,10
AWpi6aiiJbEilcB6QLhn,Tan,8.5
AWpi4Nl3AGTnQPR7u1oA,Black,6
AWpi5ejwM263mwCq9raO,Red Leather,40
AWpi46Ai0U_gzG0hipNS,Doe Oiled Fabric,9
AWpi9Tll0U_gzG0hiroR,Black Oiled Fabric,11
AWpi3iAlJbEilcB6QIsY,Ash Brown,7 M US
AWpi3se8M263mwCq9pl7,Tan,10
AWpi5OnBAGTnQPR7u2q2,Tan,11 BM US
AWpi4EIuJbEilcB6QJP3,Grey,10
AWpi6kvqAGTnQPR7u32l,Stone,11
AWpi3n92AGTnQPR7u1Ar,Buff,7
AWpi3MYkJbEilcB6QIYW,Black90002,8
AWpi3hl3AGTnQPR7u056,Pewter Antique Metallic Leather,11
AWpi34ejAGTnQPR7u1Rv,Dark Tan Faux Leather,8.5
AWpi3F6rJbEilcB6QISB,Dark Pewter,8 Medium BM
AWpi5vIOAGTnQPR7u3Hm,Black,12
AWpi1yxpM263mwCq9n9o,Gold,8 Medium BM
AWpi13P10U_gzG0himZB,Ruby Red Suede,7
AWpi4iqfM263mwCq9qdD,Silver,9
AWpi9N-RM263mwCq9tM2,Brown,9
AWpi3dWm0U_gzG0hinvW,White,6
AWpi7MZgAGTnQPR7u4O3,Black Vegan Leather,10
AWpi62mRM263mwCq9ska,Brown,7
AWpi4i9zAGTnQPR7u19e,Black Leather,7
AWpi5lnzM263mwCq9rhJ,Black Suede,10.5 W
AWpi6ehsJbEilcB6QLlF,Black Smooth Leather,9
AWpi8zNaM263mwCq9tBn,Black Suede,9 M
AWpi6MYRAGTnQPR7u3hn,Bronze Fabric,9.5
AWpi5MoMM263mwCq9rJU,Black Smooth Leather,11 W
AWpi1GPoAGTnQPR7uzDx,Black/Black,9.5 M
AWpi6i0WJbEilcB6QLpA,Brown,9.5
AWpi65IrJbEilcB6QL37,Brown,9
AWpi1QDO0U_gzG0himGG,Fawn,9
AWpi51MQ0U_gzG0hiqHd,Beige,6.5
AWpi48UFM263mwCq9q4A,Beige,7
AWpi27cRAGTnQPR7u0W4,Black,7
AWpi7UFSM263mwCq9s1M,Black,10 M US
AWpi7e8n0U_gzG0hirRl,Black Pu,US 11
AWpi7T5QJbEilcB6QMHv,Black,11
AWpi7VvNAGTnQPR7u4U3,Black,40
AWpi4z_xJbEilcB6QKAj,Gray and Tan,6
AWpi4Vp1AGTnQPR7u1xn,Beige Snake Print Metallic Leather,11
AWpi6S6kAGTnQPR7u3nB,WhitePU,10
AWpi5_yt0U_gzG0hiqRJ,BlackPU,8
AWpi3R9NM263mwCq9pMW,BlackPatent,11
AWpi6xP3AGTnQPR7u4Ap,Red,6
AWpi3trPAGTnQPR7u1G2,Fuschia,10.5M
AWpi1RQgJbEilcB6QG-F,Black Stretch Suede,8.5
AWpi6ecE0U_gzG0hiqrr,New Blush,8
AWpi2Zii0U_gzG0himwM,Brown,8.5
AWpi1zgVJbEilcB6QHQF,Grey,8.5
AWpi4ITnAGTnQPR7u1h8,Taupe,11 US / 41 EU
AWpi4XMaAGTnQPR7u1y_,Dark/Dust Suede,7
AWpi415WJbEilcB6QKCY,Whiskey Suede,7.5
AWpi1R4z0U_gzG0himG8,Dove,9
AWpi6wByJbEilcB6QL0M,Chipmunk,5
AWpi7DqFJbEilcB6QL_R,BLACK,7.5
AWpi1nWWAGTnQPR7uzYJ,Black Suedette,7.5
AWpi3mnn0U_gzG0hin40,Fossil,8M
AWpi1h3fAGTnQPR7uzUx,Red/Black Micro Suede/Faux Fur,6.5
AWpi46Y80U_gzG0hipNw,Chestnut,7
AWpi4--80U_gzG0hipSY,Smokey Grey,8
AWpi1gFuM263mwCq9n0w,Gray,5.5
AWpi59LpAGTnQPR7u3To,Grey Multi Leather,36
AWpi28QVM263mwCq9o2U,Grey,9
AWpi2Yq2AGTnQPR7uz2w,Grey,6
AWpi6Cpz0U_gzG0hiqTP,Black Snake,US 8
AWpi1ryAJbEilcB6QHMv,Gray,6.5
AWpi1UyV0U_gzG0himIj,Black,8
AWpi5t9nM263mwCq9rpX,Taupe,9
AWpi14nN0U_gzG0himZn,Grey,9.5
AWpi3mgJJbEilcB6QIxc,Tan,5.5
AWpi6G6k0U_gzG0hiqW1,Gray,8.5
AWpi3jzfM263mwCq9pdX,NavyBlue,9.5 BM US
AWpi6dy6JbEilcB6QLkS,Black,8
AWpi9H7SJbEilcB6QMdq,Black,8
AWpi6UVo0U_gzG0hiqiF,Sea Salt,7 M US
AWpi2HVDM263mwCq9oIN,Taupe Leather,38
AWpi23kEJbEilcB6QIFK,Taupe Leather,40
AWpi5X_oAGTnQPR7u2yb,Wine,7
AWpi9BHzJbEilcB6QMZA,Black,8.5
AWpi53nO0U_gzG0hiqJ3,Grey,10
AWpi3N0dAGTnQPR7u0oo,Wine,10
AWpipGsVM263mwCq9ler,Denim Denim Canvas,7
AWpiPPoZ0U_gzG0hid2F,Black,6.5
AWpiE3OeAGTnQPR7un0E,Dark Natural,8.5
AWpiEffkAGTnQPR7unvR,Black Suede,10.5
AWpiGIXOAGTnQPR7uoD-,Women Short-Sleeve-Crewneck-T-Shirt,2XL
AWpiFgl-JbEilcB6P7pW,Whiskey Lonestar Pu,7
AWpiEsQa0U_gzG0hiaq3,Antracite,11 M
AWpiEaGZJbEilcB6P7bf,Dark Brown Tumbled Leather/Cow Suede,7.5
AWpiGIw_0U_gzG0hia-n,Grey Velvet,7.5 Medium BM
AWpiGIGrAGTnQPR7uoD3,White,6.5
AWpiF4QeJbEilcB6P7uI,Taupe,11
AWpiFiSlJbEilcB6P7p5,Beige,7.5
AWpiEt8HM263mwCq9cQ5,Fuchsia,8
AWpiEg5PM263mwCq9cOS,Red,7
AWpiFg5fM263mwCq9ca4,Black,8
AWpiCHeBJbEilcB6P66J,Tribal Red,6 M
AWph_EFu0U_gzG0hiYRP,Chocolate,8 M
AWpiBc_1M263mwCq9bU4,Chestnut,6 M
AWpiCHeBJbEilcB6P66J,Tribal Red,6 M
AWpiEzzNJbEilcB6P7gd,Brown,8
AWpiDTnyM263mwCq9b_Y,Rust,7
AWpiF2GRJbEilcB6P7tV,Rust,6
AWpiCa-p0U_gzG0hiaLG,Gold,8 BM US
AWpiETeG0U_gzG0hiamX,Blue,8.5 BM US
AWpiD0iAM263mwCq9cGI,Pink,5 BM US
AWpiEI5U0U_gzG0hiako,Navy,3
AWpiB3ecM263mwCq9bk8,SAND,10
AWpiB5z8M263mwCq9bma,Black,8
AWpiFs7BJbEilcB6P7r-,Black,6.5
AWpiFEcaM263mwCq9cUm,Black,8
AWpiFyvXM263mwCq9ce7,Black,5.5
AWpiCXiJJbEilcB6P69c,Orange,8.5
AWpiBTFUM263mwCq9bOA,Black,7.5
AWpiBHKc0U_gzG0hiZk6,Taupe,9
AWpiAIOeM263mwCq9afY,Black,6
AWpiBinKJbEilcB6P6oG,Black,8 DM US
AWpiBYtWJbEilcB6P6ih,Brown/Glitter,9 M US Toddler
AWpiDc-iJbEilcB6P7Pq,Black,8.5M
AWpiCqqcAGTnQPR7unV8,Black,6.5M
AWpiBQQx0U_gzG0hiZqD,Pink,6
AWpiFQgVM263mwCq9cXb,White,7.5 N
AWpiGB5DAGTnQPR7uoCm,Black,6.5M
AWpiBdLDM263mwCq9bVJ,Black,5.5M
AWpiDcmnJbEilcB6P7Pl,Black,6
AWpiCg6TM263mwCq9bw2,Gold Leather,7
AWpiDFqLJbEilcB6P7K8,SILVER,2 M US Little Kid
AWpiAjiE0U_gzG0hiZQT,Orange,5.5
AWpiFIOmM263mwCq9cVx,White,9
AWpiBOi6JbEilcB6P6be,Navy,11
AWpiAw01AGTnQPR7umf7,Silver Satin,6
AWpiBsnZ0U_gzG0hiZ6n,Navy Satin,9.5
AWpiFWP20U_gzG0hiayg,Champagne Satin,11
AWpiCoKtM263mwCq9by8,Navy Satin,10
AWph-Tmh0U_gzG0hiYHn,White,10 BM US
AWph18o2JbEilcB6P4ge,Red,9
AWpd384iM263mwCq9Vgv,Black,"11,6,8,9,10"
AWpd384iM263mwCq9Vgv,Black,"11,6,8,9,10"
AWpd384iM263mwCq9Vgv,Black,"11,6,8,9,10"
AWpd384iM263mwCq9Vgv,Black,"11,6,8,9,10"
AWpd384iM263mwCq9Vgv,Black,"11,6,8,9,10"
AWpd5-eU0U_gzG0hiVLx,Black,9.5 BM US
AWpd6t_wJbEilcB6P2Wy,Pewter Shimmer,9
AWpd5cBuJbEilcB6P1l0,Pewter Shimmer,8
AWpd5gV6AGTnQPR7uiBq,Silver Shimmer,10
AWpd4qsP0U_gzG0hiUao,Black Shimmer,7
AWpd5fiBAGTnQPR7uiBP,Pewter Shimmer,7
AWpd5aSVJbEilcB6P1kq,Silver Shimmer,6
AWpd57DDAGTnQPR7uiRA,Black,5.5 BM US
AWpd55sR0U_gzG0hiVJF,Black,6.5 BM US
AWpd5AbSM263mwCq9WFb,Tan,10 BM US
AWpd6ev-M263mwCq9W9F,Black,9 BM US
AWpd5U7j0U_gzG0hiUz0,Black/Microfiber,6
AWpd6C40M263mwCq9WsT,Silver/Glitter,12
AWpd6H2MM263mwCq9Wvz,Black suede,8.5
AWpd5Dc80U_gzG0hiUpB,White,7.5 M
AWpd5EKMAGTnQPR7uhwc,Sand,7.5
AWpdv9eYJbEilcB6Pz-8,Black,6.5
AWpdhraEJbEilcB6Px-E,Chocolate,9.5
AWpdgRnd0U_gzG0hiQ0n,Caramel,10 M
AWpdKOlyJbEilcB6Ptp2,Black Multi Leather,37
AWpdJEh3M263mwCq9OFx,Brown,8.5 BM US
AWpdFXj6AGTnQPR7uYFs,Brown,6 BM US
AWpdJWxC0U_gzG0hiMt8,Brown,5.5 BM US
AWpdETOEJbEilcB6PqyJ,Brown,9 W US
AWpdHKJ80U_gzG0hiMHP,Brown,9 BM US
AWpdFlx5M263mwCq9Md1,Dark Grey,7 BM US
AWpdGfrn0U_gzG0hiLyb,Gray,9.5
AWpdJNZ5M263mwCq9OIK,Brown,7 BM US
AWpdGORA0U_gzG0hiLi_,Brown,8 BM US
AWpdGEEOM263mwCq9M3I,Black Microbuck/Elastic,8.5
AWpdDfh7JbEilcB6PqSO,Black/Tan Full Grain Leather/Kid Suede,10
AWpdCz14M263mwCq9KuF,Light Tan Suede,8
AWpdC5GuJbEilcB6Pp_y,Black Calf,11
AWpdGPEiAGTnQPR7uYy3,Taupe Calf,10.5
AWpdFYKEM263mwCq9MTb,Bone Smooth Leather,Womenfts Shoe 9.5  AAN
AWpcpy8B0U_gzG0hiGGW,Brown,7.5
AWpYiVD40U_gzG0hh4Z3,Green,4
AWpYiacd0U_gzG0hh4ep,Black Soft Full Grain Leather,5
AWpYhoEd0U_gzG0hh31v,Silver Mesh,7
AWpYibSjAGTnQPR7uFxe,Black Soft Full Grain Leather,8
AWpYjERcAGTnQPR7uGXw,Porcini,8M
AWpYgpmsJbEilcB6PYBz,Safari Gold,9M
AWpYh1QfM263mwCq85Sl,White,6.5
AWpYhFJLJbEilcB6PYQC,Black,11
AWpYjZNqJbEilcB6PaDi,White,7.5
AWpYhqlAJbEilcB6PYhk,White,9.5
AWpYjLTgJbEilcB6PZ4M,Safari Gold,8M
AWpYjE-fM263mwCq86au,Bone Leather,10
AWpYjedNAGTnQPR7uGvY,Safari Gold,7.5M
AWpYjYu50U_gzG0hh5Xz,Black Nubuck,5
AWpYhnmO0U_gzG0hh31i,Black / Silver,Womenfts US Shoe Size 9
AWpYjS__JbEilcB6PZ_J,Pink,X-Large
AWpYjytD0U_gzG0hh5uc,White,8.5
AWpYiBucAGTnQPR7uFaS,Bone Leather,6.5
AWpYgpFHM263mwCq84sv,Black Suede/Patent,6.5
AWpYiY86AGTnQPR7uFvg,White,10
AWpYjPRTJbEilcB6PZ79,Black Suede/Patent,6
AWpYiybG0U_gzG0hh40e,Black Suede/Patent,7
AWpYgzZWAGTnQPR7uEu7,Black Metallic,7 Medium BM
AWpYipFx0U_gzG0hh4sH,White,6.5
AWpYjhV_JbEilcB6PaKY,Tan,8.5
AWpYiTaVAGTnQPR7uFp8,Tan,6
AWpYhMqkM263mwCq84_O,Tan Suede,9M
AWpYg_dEAGTnQPR7uE1r,Black Suede,10 Medium BM
AWpYhYdLJbEilcB6PYa1,Black,6
AWpYjD9KJbEilcB6PZxY,Pink,6.5
AWpYh5-bAGTnQPR7uFSo,Clear,8
AWpYhr3P0U_gzG0hh34R,Natural,8.5M
AWpYhvBKAGTnQPR7uFMS,White,7
AWpYihsCM263mwCq855z,Black White Combo Fabric,10.5
AWpYguC00U_gzG0hh3Z5,Bone Combo Fabric,12
AWpYhFSv0U_gzG0hh3mC,Black,8M
AWpYjOQT0U_gzG0hh5Pa,Light Blush Leather,8.5
AWpYiOtwJbEilcB6PY-i,Black White Combo Fabric,8.5
AWpYi1l0JbEilcB6PZju,Lt Blue Denim,9.5
AWpYi92_0U_gzG0hh4_Y,Red,Size 14
AWpYiM1SJbEilcB6PY8y,Gold,11
AWpYgmD1M263mwCq84qA,Black,11 BM US
AWpYjTrJAGTnQPR7uGmm,Black,8.5 BM US
AWpYimT6AGTnQPR7uF7m,Rose,6.5
AWpYix7L0U_gzG0hh40A,Mustard,9
AWpYhaYrM263mwCq85HK,Nude,8.5
AWpYi1TUJbEilcB6PZja,Silver,8
AWpYiv1O0U_gzG0hh4yB,Mustard,8.5
AWpYi7NwJbEilcB6PZoh,Silver,8.5
AWpYhZwE0U_gzG0hh3xQ,Silver,7.5
AWpYhnw7AGTnQPR7uFII,Silver,6
AWpYjTeLAGTnQPR7uGme,Black,6
AWpYgesuJbEilcB6PX9V,Black,11
AWpYjAoO0U_gzG0hh5B6,Black,8
AWpYg4blM263mwCq840T,Mustard,10
AWpYg47ZJbEilcB6PYIy,Silver,8.5
AWpYiHB3AGTnQPR7uFeV,Grey,8
AWpYiZ5_AGTnQPR7uFwH,Silver,7
AWpYh8NpJbEilcB6PYtE,Floral Combo Fabric,12
AWpYir5XAGTnQPR7uGAv,Mustard,12
AWpYihJoM263mwCq855S,Black Fabric,8
AWpYhyruJbEilcB6PYmc,Black,Size 12
AWpYi0BpM263mwCq86LM,Mushroom,7.5M
AWpYhcq8M263mwCq85IU,Pewter,Size 7
AWpYjwX-JbEilcB6PaVg,White,8
AWpYg6xv0U_gzG0hh3go,White,6
AWpYjdOWJbEilcB6PaGx,Pewter,Size 9.5
AWpYjKwwJbEilcB6PZ3k,Floral Combo Fabric,6
AWpYh88J0U_gzG0hh4Dg,Soft Taupe,9.5
AWpYjJ9sM263mwCq86fl,Pewter Metallic Snake Pu,Size 14
AWpYjVLpJbEilcB6PaAc,Red,Size 10
AWpYiboXJbEilcB6PZKl,Nude,6
AWpYjuTx0U_gzG0hh5qq,Black,8
AWpYj4SbM263mwCq87HA,White,US 6.5
AWpYj8jvJbEilcB6Pafo,Bronze,7.5
AWpYipbXJbEilcB6PZXc,Black Calf,6.5
AWpYilZO0U_gzG0hh4pO,Cognac,5.5
AWpYiVe8JbEilcB6PZFH,Brown Calf,7.5
AWpYiHcmM263mwCq85h-,Black Plaid,8.5 BM US
AWpYjwpKJbEilcB6PaV0,Black,9
AWpYiopIM263mwCq86A0,Black,6
AWpYguH0M263mwCq84vp,Natural Satin,11.5
AWpYi3rJM263mwCq86Oh,Silver Satin,6
AWpYhIVz0U_gzG0hh3no,Rose Gold,7.5
AWpYgmYIM263mwCq84qO,Black Pu,6.5 BM US
AWpYhzepM263mwCq85ST,Black Plaid,8 BM US
AWpYhrSa0U_gzG0hh334,Natural Satin,8
AWpYiyI7JbEilcB6PZf6,Black,8.5
AWpYh8TTM263mwCq85YD,Black,7
AWpYiD2AAGTnQPR7uFb1,Black,7.5
AWpYiWGsAGTnQPR7uFsz,Berry,7.5
AWpYh3UtM263mwCq85Ta,BLACK,8
AWpYjkjUM263mwCq862v,Gold Snake,6M
AWpYg_KfAGTnQPR7uE1R,Taupe,7
AWpYhW32M263mwCq85E3,Black,US 7
AWpYiUf70U_gzG0hh4Zh,Cocoa Brown Suede,6.5
AWpYjo3-AGTnQPR7uG4X,Red,7
AWpYjC45JbEilcB6PZwL,BLUE,6
AWpYjLDjJbEilcB6PZ34,Dark Chocolate/Black,7.5
AWpYg6xdM263mwCq842V,Yellow,Size 11
AWpYiahWJbEilcB6PZJm,Grey,9.5M
AWpYhNHCAGTnQPR7uE9H,Gold,10.5
AWpYiaZtAGTnQPR7uFwx,White,7
AWpYgzKuM263mwCq84yU,Steel Grey,7 Medium BM
AWpYjgM50U_gzG0hh5er,Black,9M
AWpYjckBM263mwCq86vf,Dark Gray Combo Fabric,8
AWpYg-MBAGTnQPR7uEz6,Charcoal,9M
AWpYiAZVJbEilcB6PYx2,White,12
AWpYiCiiAGTnQPR7uFbH,Nude Sparkle,8.5
AWpYh9Fj0U_gzG0hh4Du,Taupe Fabric,7.5 Standard
AWpYhFQWAGTnQPR7uE4W,Rose,8.5
AWpYjm5WJbEilcB6PaOb,Nude Sparkle,6
AWpYgnwaM263mwCq84rc,Gold,8.5
AWpYioV60U_gzG0hh4rc,Polo Tan,6.5M
AWpYj-GoM263mwCq87LE,Polo Tan,9.5M
AWpYgsgNM263mwCq84uW,Silver Sparkle,5.5
AWpYjiSOM263mwCq8607,Light Grey Combo,6 Medium BM
AWpYiR1pJbEilcB6PZBZ,Navy / White,11M
AWpYgir3AGTnQPR7uEn1,Grey Suede,8.5M
AWpYgnFZ0U_gzG0hh3VE,Silver Sparkle,9
AWpYgp9rJbEilcB6PYB-,Black Multi,7.5M
AWpYjeqjM263mwCq86xW,Silver,7
AWpYg07B0U_gzG0hh3dU,Nude,6
AWpYjRUoJbEilcB6PZ9x,Silver,8.5
AWpYheuMJbEilcB6PYd9,Nude,5.5
AWpYiKyKAGTnQPR7uFh4,Black,8
AWpYjCfbM263mwCq86Yc,Nude-Le,7.5 M
AWpYjK76AGTnQPR7uGeE,Nude-Le,8.5M
AWpYgmhI0U_gzG0hh3Ur,Dark Gray Combo Fabric,11
AWpYjfe00U_gzG0hh5eC,Silver Glitter PU,Size 9
AWpYjOCDJbEilcB6PZ63,Dark Tan Leather,7
AWpYggTjAGTnQPR7uEmm,Black Smooth Waterproof Polyurethane/Faux Fur,8.5
AWpYhvPn0U_gzG0hh36S,Pink,7
AWpYiStCAGTnQPR7uFpO,White,11
AWpYjl-qJbEilcB6PaN0,Rose Gold,9M
AWpYhWWoM263mwCq85Eq,White,8
AWpYj41O0U_gzG0hh5zE,Red,11
AWpYh-iB0U_gzG0hh4FE,Red,8.5
AWpYi1F7AGTnQPR7uGJ0,Mulberry,6.5
AWpYhdRIM263mwCq85Il,White,11 M US
AWpYjsHBJbEilcB6PaSE,Gold,8
AWpYho-aAGTnQPR7uFIy,Taupe,11 BM US
AWpYgkLo0U_gzG0hh3S0,Black,6.5 BM US
AWpYi4FPM263mwCq86PC,Black,8 BM US
AWpYhGGcJbEilcB6PYQf,White,6.5 BM US
AWpYhFWeAGTnQPR7uE4a,navy texture,9.5
AWpYjgac0U_gzG0hh5ez,Black,11M
AWpYh2VL0U_gzG0hh39_,Gold,10
AWpYiyPTAGTnQPR7uGGp,Gold,8.5
AWpYjYlHJbEilcB6PaDH,Gold,10.5
AWpYidEy0U_gzG0hh4g6,Gold,7
AWpYjWTKAGTnQPR7uGoh,Leopard,US 8.5
AWpYiQ_70U_gzG0hh4WS,White,11
AWpYjEIDM263mwCq86Z2,Sand Super Suede,8 2W US
AWpYjQv7M263mwCq86mL,White,9
AWpYg-hGJbEilcB6PYL4,Sand Nubuck Leather,7.5
AWpYg_qNJbEilcB6PYNu,Black,6 US
AWpYjce3AGTnQPR7uGt0,White,7
AWpYiNbFJbEilcB6PY9X,White,7
AWpYgsqDM263mwCq84uh,Black,11
AWpYi138JbEilcB6PZkA,Nude Leather,8M
AWpYh4rvAGTnQPR7uFRY,Rainbow Multi Glitter/Neon White Synthetic,11
AWpYgkg20U_gzG0hh3TH,Black,11M
AWpYhBJvM263mwCq844Z,Natural,11M
AWpYhtX0M263mwCq85Os,Red Nubuck Leather,9.5
AWpYiY6TM263mwCq85xv,Nude Leather,6.5
AWpYjmgqAGTnQPR7uG2K,Black,US 8.5
AWpYgvzS0U_gzG0hh3an,Tan,40 EU / 9 US
AWpYh36W0U_gzG0hh3-5,Orange,6.5 BM US
AWpYhW3w0U_gzG0hh3vM,Black Suede/Black Matte,9
AWpYizkQ0U_gzG0hh41y,Black,7.5 BM US
AWpYgnnc0U_gzG0hh3Vl,Vino,8 BM US
AWpYjh2rAGTnQPR7uGyb,Silver,6
AWpYjyu6M263mwCq87Cx,Red Nubuck Leather,8
AWpYhaniJbEilcB6PYb0,Red Stain Fabric,7.5
AWpYgjHJAGTnQPR7uEoE,Black,5
AWpYii5z0U_gzG0hh4nH,Black/White Patent,7
AWpYhq630U_gzG0hh33p,Black,8.5M
AWpYikqTJbEilcB6PZTd,Grey Suede,7.5
AWpYi7nrM263mwCq86SE,Camel,5.5
AWpYi_PXJbEilcB6PZse,Black,9M
AWpYixQxM263mwCq86Ii,Grey Suede,5
AWpYi6VY0U_gzG0hh48F,Black,10M
AWpYifuqJbEilcB6PZOl,Black Leather,11
AWpYjXAB0U_gzG0hh5WV,Camel,6.5
AWpYgft6JbEilcB6PX-d,Black,6.5
AWpYiOcd0U_gzG0hh4Tv,Black Leather,10
AWpYjxW1M263mwCq87Be,Camel,11M
AWpYjIEgJbEilcB6PZ02,Black,Size 10
AWpYilJ2M263mwCq859Z,Pewter,7
AWpYi3zOJbEilcB6PZlp,Silver Shimmer,5.5
AWpYiWMrJbEilcB6PZFy,Black Leather,6
AWpYjPDrM263mwCq86kf,Black Synthetic,11
AWpYgfpaAGTnQPR7uEmP,Black Leather,9.5 M US
AWpYjheeJbEilcB6PaKc,BLACK,9 BM US
AWpYgoUQM263mwCq84r_,Green,7.5
AWpYjAzLM263mwCq86XO,Brown,5.5
AWpYhGV-M263mwCq848L,Black Multi,6.5M
AWpYgteqM263mwCq84vV,Black Multi,10M
AWpYiNg_M263mwCq85np,Black,8.5
AWpYhqEK0U_gzG0hh33M,White,7
AWpYjwU1AGTnQPR7uG-f,Black,8M
AWpYjI2AJbEilcB6PZ1k,Black,10M
AWpYjaJX0U_gzG0hh5ZD,Beige,7
AWpYiSsOM263mwCq85sK,Nude,9
AWpYjIdsJbEilcB6PZ1O,Black,11
AWpYjH1lM263mwCq86dT,Nude Sparkle,10
AWpYhd4FM263mwCq85JE,Lite Grey / Lite Grey / White / Lite Grey,4M
AWpYgpphJbEilcB6PYB2,Nude,8
AWpYgsBPAGTnQPR7uErm,Black,9.5M
AWpYiivMM263mwCq8569,Black / White,5M
AWpYhv-B0U_gzG0hh36p,Silver,7
AWpYhVm7M263mwCq85EO,Black,8 BM US
AWpYjRKBM263mwCq86mg,Blue,6
AWpYgkXN0U_gzG0hh3TC,Cognac,5.5 BM US
AWpYi_noAGTnQPR7uGTX,Black,6.5 BM US
AWpYhRNu0U_gzG0hh3sK,Natural Satin,13
AWpYjJRiJbEilcB6PZ1_,Natural Satin,12
AWpYi9ELJbEilcB6PZqM,Natural,7.5
AWpYieuKAGTnQPR7uF0u,Natural,5.5
AWpYiYNlJbEilcB6PZHv,Silver Satin,5
AWpYg1mHM263mwCq84zV,Leopard Patent,US 8
AWpYhcotM263mwCq85IR,Leopard Patent,US 8.5
AWpYi6u_JbEilcB6PZoI,Gray,6 W
AWpYgnjkM263mwCq84rN,White,8.5
AWpYgztNAGTnQPR7uEvH,White,8 W
AWpYixzYJbEilcB6PZff,Gold,10 W
AWpYjLaGJbEilcB6PZ4W,Natural Beige,US 6
AWpYjW5bJbEilcB6PaBi,Natural Beige,US 7
AWpYhJirAGTnQPR7uE6v,Lite Gold Metallic,5.5 BM US
AWpYhnw2JbEilcB6PYgJ,Black Peau De Soire,9.5
AWpYjehM0U_gzG0hh5c_,Navy / Teal,8M
AWpYh7Gd0U_gzG0hh4Bm,Black,10
AWpYgngm0U_gzG0hh3Vf,Taupe,7.5 BM US
AWpYiW2_AGTnQPR7uFtm,Natural,10
AWpYi_fbM263mwCq86WH,Black,8
AWpYgvYtJbEilcB6PYFO,Beige Python,9
AWpYiHzYM263mwCq85iW,Stack Blue,10
AWpYhtpDJbEilcB6PYjM,Dark Beige,6.5
AWpYiMHJ0U_gzG0hh4RW,Charcoal Leather,6
AWpYjOwfAGTnQPR7uGh3,Brown,6 BM US
AWpYhMFm0U_gzG0hh3pP,Brown/Brown Leather/Serpent,6.5
AWpYiLKp0U_gzG0hh4Qh,Dark Beige,10
AWpYjy-sJbEilcB6PaX9,Black,8.5
AWpYgmOd0U_gzG0hh3Ud,Gold,12
AWpYg8UpM263mwCq842w,WHITE,11.5 M
AWpYiK2H0U_gzG0hh4QI,BLACK,11.5 W
AWpYhC_PJbEilcB6PYPW,Silver,8
AWpYgxfIAGTnQPR7uEuK,Brown,7.5
AWpYhupiJbEilcB6PYj7,Chocolate II,7
AWpYhMtNM263mwCq84_Q,White,6 2W US
AWpYjU7Z0U_gzG0hh5U2,White,7
AWpYh2Kf0U_gzG0hh394,Grey,10
AWpYjNl0AGTnQPR7uGgl,Natural,7
AWpYjr99JbEilcB6PaR5,Denim Blue,8.5
AWpYgz7-AGTnQPR7uEvc,Green,9
AWpYjZfNM263mwCq86sz,Denim Blue,6
AWpYjIPFJbEilcB6PZ1B,Black/Black Tooling,6.5 Medium BM
AWpYhAMPJbEilcB6PYOD,White,7 N
AWpYhJaSM263mwCq8493,Black,7.5
AWpYhaPwAGTnQPR7uFDa,White,10 Medium BM
AWpYjMrtM263mwCq86h7,Denim/Gore,7.5
AWpYhuOHJbEilcB6PYjh,Tan,11
AWpYjd3yJbEilcB6PaHY,Red,7 BM US
AWpYgtM0M263mwCq84vC,Black,11 BM US
AWpYhvy9JbEilcB6PYkb,Dark Blue,8 BM US
AWpYhUYQM263mwCq85Dc,Black,7
AWpYjIyNJbEilcB6PZ1f,Black Patent,8 M US
AWpYiBzHAGTnQPR7uFaV,Black,7M
AWpYh7tGJbEilcB6PYsv,Black,6.5M
AWpYivlSJbEilcB6PZdS,Black,9M
AWpYgubZM263mwCq84v0,Black,8
AWpYhDl20U_gzG0hh3lE,Chestnut Brown,US 9
AWpYiIVxAGTnQPR7uFfs,Silver,10
AWpYjiq6JbEilcB6PaLO,Cognac,10
AWpYiAZQM263mwCq85b8,Black,7
AWpYhs1WAGTnQPR7uFK8,Gold,10.5
AWpYhsA-M263mwCq85OI,Black Suede,11 M US
AWpYjj_eAGTnQPR7uGz-,Silver,9.5
AWpYh2Wn0U_gzG0hh3-A,White,8.5 BM US
AWpYioC90U_gzG0hh4rM,White,11 BM US
AWpYjQOT0U_gzG0hh5RF,Black,US 6.5
AWpYhYe8M263mwCq85Fx,Black PU,8 BM US
AWpYjcXBAGTnQPR7uGtq,Black,6.5
AWpYgsZf0U_gzG0hh3Yi,Black,US 8.5
AWpYg1qdAGTnQPR7uEwV,Silver,6.5
AWpYj2M_JbEilcB6Paas,White Smooth PU,Size 6
AWpYg84d0U_gzG0hh3hy,Black,Size 11
AWpYjXHZ0U_gzG0hh5Wi,Gold,8
AWpYgte70U_gzG0hh3Zt,Gold,Size 9
AWpYhLgYJbEilcB6PYTw,Black,6.5 BM US
AWpYhUSdM263mwCq85DX,Black,8.5
AWpYjoNQAGTnQPR7uG3l,Black,8
AWpYh6Sx0U_gzG0hh4A1,Multicolor,Size 10
AWpYjTt70U_gzG0hh5T_,Black,9
AWpYio3sAGTnQPR7uF99,Gold,8.5
AWpYh_xXAGTnQPR7uFYh,Nude Patent,5.5 BM US
AWpYg4c7M263mwCq840V,Coal PU Canvas,8
AWpYgmJs0U_gzG0hh3UV,Black,9.5
AWpYiOFTM263mwCq85oH,Brown,6
AWpYhZPHAGTnQPR7uFC-,Black Purple,6
AWpYjhcjAGTnQPR7uGyK,Gold,10
AWpYiGA0M263mwCq85gt,Black,8
AWpYhnq6M263mwCq85LZ,Black,10
AWpYjmXzAGTnQPR7uG2A,Gold,10
AWpYics3JbEilcB6PZLU,Orange,7
AWpYiX6JAGTnQPR7uFuk,Gold,Size 7.5
AWpYixHSM263mwCq86IX,Black/White,6.5 M
AWpYhYdFAGTnQPR7uFCv,Black Patent Pu,Size 9
AWpYgyDsM263mwCq84xj,Red,Womenfts US Shoe Size 12
AWpYiGzUJbEilcB6PY2_,Silver,7.5
AWpYi31DAGTnQPR7uGMY,Gold,11
AWpYiKFDJbEilcB6PY6M,Red,Womenfts US Shoe Size 8
AWpYjaXDAGTnQPR7uGsD,Black,Size 11
AWpYiFLS0U_gzG0hh4LL,Pewter,Womenfts US Shoe Size 8
AWpYiZSE0U_gzG0hh4du,Blue,6
AWpYjddrAGTnQPR7uGuy,Black,10.5
AWpYjrmTM263mwCq868o,Gold,8.5
AWpYiCyc0U_gzG0hh4JO,Black,Size 9
AWpYiWJP0U_gzG0hh4bA,Black,7.5
AWpYh1-8M263mwCq85S6,Gold,9.5
AWpYiZkR0U_gzG0hh4d1,Gold,10.5
AWpYjDpt0U_gzG0hh5Et,Black,12
AWpYh9XT0U_gzG0hh4D9,BLUE,7
AWpYiff5JbEilcB6PZOT,Black,11
AWpYh2X2JbEilcB6PYoa,Black/Multi,6.5
AWpYjVL50U_gzG0hh5U9,Black,8.5
AWpYjOQMJbEilcB6PZ7E,Black,10
AWpYjrgHAGTnQPR7uG6g,Gold,10
AWpYjNWs0U_gzG0hh5OS,Claret,8M
AWpYi2Z6JbEilcB6PZko,Silver,8.5
AWpYhya50U_gzG0hh38Q,Black Suede/Faux Fur,9.5
AWpYiNyp0U_gzG0hh4TE,Black,8.5
AWpYjx0PJbEilcB6PaWz,Fuchsia,11
AWpYhp_u0U_gzG0hh33F,Gold,6.5
AWpYge3YAGTnQPR7uEld,Umber / Red Dhalia,10M
AWpYhp7LM263mwCq85M5,Black Nubuck,US 7.5
AWpYjkSHAGTnQPR7uG0X,White Patent,US 7
AWpYha2VAGTnQPR7uFDu,Dark Beige Patent,US 6
AWpYhBQ0M263mwCq844f,Black,10 BM US
AWpYjwG60U_gzG0hh5sK,PINK,10
AWpYheDJJbEilcB6PYdg,BLACK,9
AWpYil-WJbEilcB6PZUc,Lipstick Red Patent,US 8.5
AWpYhOXt0U_gzG0hh3qX,Coal,6 Medium B M US
AWpYjFAZM263mwCq86av,BROWN,8.5
AWpYjRnO0U_gzG0hh5SU,Black,6M
AWpYgnRmM263mwCq84q8,Elk / Black,9.5M
AWpYilWPJbEilcB6PZT7,Dark Beige Patent,US 5.5
AWpYhBO5M263mwCq844e,Black,7M
AWpYhJjYAGTnQPR7uE6w,Olive Drab,7.5M
AWpYh7_mM263mwCq85Xy,Black,8.5
AWpYimYKM263mwCq85-v,Gold,11
AWpYiKQ6JbEilcB6PY6X,Silver,8.5
AWpYiLsDM263mwCq85mH,Black / Stone,7.5M
AWpYjssz0U_gzG0hh5pd,Lipstick Red Patent,US 8
AWpYhHHL0U_gzG0hh3mz,Black Fabric,6.5
AWpYg1t_M263mwCq84zb,Purple,7
AWpYifj3JbEilcB6PZOV,Silver,10.5
AWpYhzf_AGTnQPR7uFPb,Black Velvet,9.5
AWpYhwgMJbEilcB6PYk3,Silver,11
AWpYgsoSM263mwCq84ud,Natural Fabric,8
AWpYjaseM263mwCq86t2,Gold,8.5
AWpYidngAGTnQPR7uFzd,Medium Natural,8.5 Medium BM
AWpYjBqeAGTnQPR7uGVF,Dark Natural Fabric,7
AWpYhJY4AGTnQPR7uE6h,Golden Cognac,6M
AWpYhN_4AGTnQPR7uE9s,Black Suede,8
AWpYh3Hd0U_gzG0hh3-U,Lt Gold Leather,8
AWpYiuL-AGTnQPR7uGC9,Black,8.5
AWpYiNoFAGTnQPR7uFkd,Tan,6
AWpYjI_0JbEilcB6PZ1t,Black,10
AWpYj08PAGTnQPR7uHCe,Natural Leather,10
AWpYiX3FAGTnQPR7uFuj,Black,9
AWpYizsfAGTnQPR7uGIW,BLUSH MULTI,6.5
AWpYh6JzJbEilcB6PYq9,Black,5.5
AWpYjInrAGTnQPR7uGbs,Red Leather,8 Medium BM
AWpYhrvjM263mwCq85N9,Khaki,5.5
AWpYg-2-AGTnQPR7uE0w,Blush,10
AWpYgmYTM263mwCq84qP,Blush,11
AWpYjCVCM263mwCq86YQ,Gray,8.5
AWpYjGt60U_gzG0hh5Hq,Chambray Blue Comb Fabric,8.5
AWpYiPnbM263mwCq85pq,Chambray Blue Comb Fabric,6.5
AWpYjLKoAGTnQPR7uGeP,Black Patent,10
AWpYjzwI0U_gzG0hh5vC,Red Patent,17
AWpYhFqj0U_gzG0hh3mT,Red,8.5M
AWpYgmSiM263mwCq84qL,Black,7.5M
AWpYjedwJbEilcB6PaH8,Black,10M
AWpYhKinJbEilcB6PYS-,Black / Silver,Size 10
AWpYg0hsJbEilcB6PYHi,Gold,6
AWpYhtkXJbEilcB6PYjK,Gold,7
AWpYj00s0U_gzG0hh5vl,Gold,8
AWpYhxeLJbEilcB6PYln,Gold,5
AWpYiOcT0U_gzG0hh4Tu,Black,10
AWpYgs760U_gzG0hh3ZL,Black Nubuck,US 6
AWpYhY9_M263mwCq85GJ,Black Nubuck,US 7
AWpYjHsTJbEilcB6PZ0c,Taupe,6
AWpYi7Nr0U_gzG0hh487,Black,6.5
AWpYh8XGAGTnQPR7uFVD,Grey,10
AWpYhOQQM263mwCq84_6,White,7
AWpYgkHFM263mwCq84oc,White/Silver,7.5
AWpYigQ10U_gzG0hh4kT,White,8.5
AWpYhEEvM263mwCq8469,Grey,9
AWpYhyyaAGTnQPR7uFOq,Black Full Grain Leather,8
AWpYjXHgM263mwCq86q-,Blue,6
AWpYhLD1AGTnQPR7uE7e,White,6.5
AWpYgzSIJbEilcB6PYGj,Black Croco Stamp/Patent,9
AWpYipCW0U_gzG0hh4sA,Cyclone Rainbow Leather,39
AWpYhO4h0U_gzG0hh3qp,Country Road Leather,40
AWpYhOmzM263mwCq85AQ,Black,5
AWpYiNcAM263mwCq85nj,Grey,7
AWpYigsjJbEilcB6PZPk,Red,6.5
AWpYhKx00U_gzG0hh3ow,Light Tan,6
AWpYhxWi0U_gzG0hh37k,Black,US 5.5
AWpYjAhOM263mwCq86XC,Black,8.5
AWpYjgxF0U_gzG0hh5fH,Black,9
AWpYjmNGAGTnQPR7uG14,Light Tan,9
AWpYiX17M263mwCq85wx,Chocolate,6.5 BM US
AWpYiikOAGTnQPR7uF4V,Black,10
AWpYn1CmAGTnQPR7uIfU,Bronze,40 EU / 9-9.5 US
AWpYkYmNAGTnQPR7uHWD,Dusty Pink,10
AWpYjtXcM263mwCq86-H,Red Leather,41
AWpYXxzG0U_gzG0hh1Qc,Black,10
AWpYYwonJbEilcB6PWzy,Blue,6
AWpYT1DEM263mwCq80cO,Black,6 BM US
AWpYLwgN0U_gzG0hhxcR,Mustard Microfiber,6.5 BM US
AWpYLvciJbEilcB6PSEX,Black,6.5 BM US
AWpX64HvM263mwCq8woF,Taupe,6.5 BM US
AWpX7QclAGTnQPR7t8vi,Taupe,6 BM US
AWpX_Hn_M263mwCq8w-A,Silver Iridescent,Size 11
AWpYAiewJbEilcB6PQbS,Dark Blush,9
AWpX6gCfJbEilcB6PP86,Grey,8.5
AWpX8KclAGTnQPR7t80c,Brown,7 BM US
AWpX85RvM263mwCq8wzj,Grey Mesh Fabric,6
AWpX-xnMM263mwCq8w8m,Black Rose Gold,7
AWpX96QsAGTnQPR7t8-M,Black Rose Gold,8
AWpX8Ze6AGTnQPR7t82P,Black Lamy Polyurethane,8.5
AWpX7iopAGTnQPR7t8xo,Tan Pu,6 BM US
AWpX8K59AGTnQPR7t80g,Blue,6 BM US
AWpX69WmM263mwCq8woj,Dark Blush,10
AWpX9XN0AGTnQPR7t87e,Black,7
AWpX8Vb5AGTnQPR7t813,BROWN,8
AWpX9YiB0U_gzG0hhviH,CLEAR,9
AWpX8m12AGTnQPR7t83q,Brown,10
AWpX48zMM263mwCq8weR,Off White,5.5
AWpX-5WC0U_gzG0hhvpL,Turquoise Leather,38
AWpX6f0Z0U_gzG0hhvTE,Black,6.5M
AWpX4kJkJbEilcB6PP0a,Black Leather/Nylon,5.5
AWpXuIJaJbEilcB6POzk,Bronco Brown/Sage,6.5 D
AWpXuZ9rAGTnQPR7t7m5,Nude,8
AWpXh_-y0U_gzG0hhsGc,Blush Microbuck/Elastic,9
AWpXfbqZ0U_gzG0hhq7B,Pewter Leather,13 WW
AWpXg5svM263mwCq8s8i,BLACK,8 W
AWpXiz69AGTnQPR7t54G,NAVY,5 M
AWpXhC8A0U_gzG0hhrq3,Graphite/Dark Grey Cow Suede/Full Grain Leather,6.5
AWpXgcFpJbEilcB6PMBL,Blue Leather,6.5
AWpXeoJtAGTnQPR7t3_p,Charcoal Brushed Vegan Suede,9.5
AWpXdOwzJbEilcB6PKre,Black,6.5M
AWpXkogUM263mwCq8uYT,Electric Violet Nubuck Leather,12
AWpXk2l1AGTnQPR7t6gk,Black Soft Nappa Leather,12
AWpXf3qVJbEilcB6PLv9,BLACK,9.5 W
AWpXeYsu0U_gzG0hhqem,Black,8 W
AWpXkav_JbEilcB6PNsr,Slate,5.5 BM US
AWpXhZEDJbEilcB6PMdc,Black,8.5 N
AWpXf7xr0U_gzG0hhrJC,White,5 W
AWpXfYfFM263mwCq8sQ-,Rose Gold Leather,8.5
AWpXimzo0U_gzG0hhsXR,White Faux Leather,10.5
AWpT18inJbEilcB6PIUj,Clear,6
AWpT6OIjM263mwCq8rDZ,Silver,6
AWpT39iDAGTnQPR7t2GC,Red Plaid Brushed Vegan Shimmer Suede/Rubber,7
AWpT1Ai1AGTnQPR7t0rV,Blue,13
AWpT0rJY0U_gzG0hhnIp,White,7
AWpT2gajM263mwCq8pSU,Black,Child Medium
AWpT3nWlM263mwCq8pz1,Black Leather,40
AWpT4-ahAGTnQPR7t2vj,Taupe,7
AWpT4RyN0U_gzG0hho64,Black,5.5 BM US
AWpT5NaTM263mwCq8qz0,Silver,6
AWpT4pL6M263mwCq8qgp,Taupe Multi Polyurethane,7
AWpT5SOJJbEilcB6PKJm,Silver Satin,9 N
AWpTz-L7AGTnQPR7t0F4,Brown Multi Leather,40
AWpT6KB_AGTnQPR7t3Fx,Black Leather,44
AWpT2iJ-M263mwCq8pSu,Lemon Lime Faux Fur,5
AWpT8kksM263mwCq8rQw,Green Multi,6.5M
AWpT1IRUM263mwCq8otC,Seashell Pink,7
AWpT2vfKJbEilcB6PIpa,Chestnut,10
AWpT0MaPJbEilcB6PHew,Black,9
AWpT0tI4AGTnQPR7t0hO,Pink,9 BM US
AWpT8-aE0U_gzG0hhp5u,Cognac,9
AWpT4w5Q0U_gzG0hhpNS,Black,7
AWpT3gdfJbEilcB6PJBz,Taupe,6.5
AWpTzuLt0U_gzG0hhmnT,Pink,12
AWpT5NYQ0U_gzG0hhpc4,White Floral Faux Leather,6
AWpT12l8M263mwCq8o_O,Florensic Files,38 Regular EU
AWpT4evC0U_gzG0hhpCw,Bob and Weave Leather,35
AWpT3Xw60U_gzG0hhoXR,Finley Leather,39
AWpT9VRkAGTnQPR7t3U4,Gold,9.5
AWpT2c2h0U_gzG0hhn7g,Alegria Grey,35 5 M
AWpT2DWwM263mwCq8pFR,Gold,7
AWpT6HDXJbEilcB6PKUU,Chirpy Pewter Leather,36
AWpT4oJwJbEilcB6PJxt,Wild Child Blues Knit Fabric,43
AWpT4610AGTnQPR7t2tQ,Black Knit Fabric,39
AWpT5V4K0U_gzG0hhpip,Mandala Natural Leather,37
AWpT1sF-0U_gzG0hhnmx,Anise Baby Tumble Leather,37
AWpT2CkYM263mwCq8pE_,Oasis Natural Leather,42
AWpT40pa0U_gzG0hhpPg,White,8.5
AWpT52K-M263mwCq8q_d,White Multi Leather,40
AWpT1swmM263mwCq8o8R,Black Embossed Fabric,10
AWpT6NipJbEilcB6PKU9,Tan,8.5
AWpT_BwGM263mwCq8rRb,Black,5.5 BM US
AWpT3Z5M0U_gzG0hhoX9,Black,5.5
AWpT9Elc0U_gzG0hhp5v,Black,9
AWpT43uuJbEilcB6PJ6T,Gold,7 BM US
AWpT2eUSM263mwCq8pRQ,Topo,5.5 M
AWpT4DiNAGTnQPR7t2KR,Black Satin/Lace,10
AWpT5Y7eAGTnQPR7t29v,Black Leather,9.5
AWpT2w3TJbEilcB6PIp2,Camel Combo Suede/Faux Leather,11
AWpT3nPTJbEilcB6PJFq,Black Combo Fabric/Faux Leather,9.5
AWpT4LlGM263mwCq8qNA,Natural Snake Printed Leather,9.5
AWpT4KSXM263mwCq8qMD,Blue Leather,35
AWpT1XLeAGTnQPR7t026,Black,10
AWpT4dG-0U_gzG0hhpCF,Blush,9
AWpT0f4G0U_gzG0hhnCZ,Blush,7.5
AWpT2Qy1JbEilcB6PIeA,Blush,8.5
AWpT0HXhM263mwCq8oJ0,Black,8.5
AWpT0upUM263mwCq8ogm,Black,8
AWpT4oDd0U_gzG0hhpI7,Black,7
AWpT3SpqAGTnQPR7t1th,Pink,8.5
AWpT4VNyJbEilcB6PJmH,Olive,7.5
AWpT6IqnJbEilcB6PKUp,Navy / White,9M
AWpT2PaDAGTnQPR7t1Ms,Navy / White,10M
AWpTzsmJAGTnQPR7tz84,Light Taupe,7
AWpT5iuu0U_gzG0hhpmK,Navy / White,6.5M
AWpTy4yYM263mwCq8nq8,Olive,7
AWpT1svx0U_gzG0hhnm_,Cognac Leather,8
AWpT5eng0U_gzG0hhplx,Pink,5
AWpT5VsFAGTnQPR7t28k,Mint,10
AWpTzaDYAGTnQPR7tzzP,Pink,7
AWpT608WM263mwCq8rHi,Pink,8
AWpT0K25M263mwCq8oLv,BLACK,9
AWpTz6ZW0U_gzG0hhms_,BLACK,6
AWpT2jJVM263mwCq8pTH,Pink,11
AWpT15YfAGTnQPR7t1DN,Dark Brown Suede,7.5
AWpT2c6K0U_gzG0hhn7i,BLACK,11
AWpT0HXF0U_gzG0hhmz_,Black Sparkle,8.5
AWpT2K2YJbEilcB6PIbI,Rose Gold,8
AWpT0uMyJbEilcB6PHxh,Black,5.5
AWpT5PwOM263mwCq8q1j,Silver Glitter,5
AWpT5FBW0U_gzG0hhpZV,Black,7.5
AWpT4S9L0U_gzG0hho7r,Tan Plaid,10 BM US
AWpTz59AAGTnQPR7t0Dn,Grey,7.5
AWpT2DXxJbEilcB6PIXp,Tan Plaid,8.5 BM US
AWpT3q0w0U_gzG0hhogP,Nude,9
AWpT4obFM263mwCq8qgD,Tan Plaid,7 BM US
AWpT56nGAGTnQPR7t3C3,Grey,6.5
AWpT0FzGJbEilcB6PHbA,Nude,8
AWpT1WdmM263mwCq8o0C,Black,6
AWpT278hJbEilcB6PIwQ,Gray,6
AWpT44-QJbEilcB6PJ7N,Beige,6.5
AWpT6M5sM263mwCq8rDY,Black,6.5
AWpT8Wx5M263mwCq8rQS,Black,6
AWpT1oCZM263mwCq8o62,Gold,9.5 Medium BM
AWpT07o-JbEilcB6PH4t,Silver,9.5
AWpT1YnEAGTnQPR7t03a,Black,10.5
AWpT9u3ZM263mwCq8rRP,BLACK,8.5
AWpTzuQvAGTnQPR7tz98,GOLD,7.5
AWpT4WOQJbEilcB6PJm1,TAN/LEOPARD,9 M US
AWpT1IJPJbEilcB6PH_B,White,9
AWpT2JehJbEilcB6PIaT,Black Snake Print,6.5
AWpT4HhNM263mwCq8qKL,Black / Purple,9M
AWpT7LB7JbEilcB6PKbx,NAVY,6 M
AWpT0sH_0U_gzG0hhnJT,Blue,9
AWpT8kkxJbEilcB6PKiy,Aluminum / Aquarium / Neon Lime,7.5M
AWpT3iz8JbEilcB6PJCz,Chestnut,8.5
AWpT0LpEAGTnQPR7t0Nn,MultiColored,9
AWpT1uxG0U_gzG0hhnnk,Azalea Suede,8
AWpT5f8DAGTnQPR7t2_m,Black2,9
AWpT2o5fJbEilcB6PIny,White,8
AWpT30zMAGTnQPR7t2At,Kork Fabric,10
AWpT5ee6AGTnQPR7t2_V,Natural/Tan Soft Leather,9.5
AWpT3j950U_gzG0hhobo,"Gray,Taupe",8.5
AWpT1Ypl0U_gzG0hhnfo,Gold,Size 14
AWpT-ZOY0U_gzG0hhp51,White,Size 6
AWpT0jpYAGTnQPR7t0b7,Blue,6.5
AWpT0By4M263mwCq8oG0,Blue,10.5
AWpT4anlAGTnQPR7t2Z6,Green,9.5
AWpT65gdJbEilcB6PKaA,Green,10.5
AWpT29BGJbEilcB6PIw5,White Leather,8
AWpTzQj7M263mwCq8nvp,Berry,4.5
AWpT1Hh80U_gzG0hhnXh,Green,7
AWpT0oHhM263mwCq8oca,Berry,7.5
AWpT3EKY0U_gzG0hhoM5,Berry,9
AWpT16hQ0U_gzG0hhnr7,Blue,5.5
AWpT1Z_2M263mwCq8o1n,Berry,5.5
AWpT8N1b0U_gzG0hhp4p,Black,9.5
AWpT5gxuJbEilcB6PKPN,Black,11
AWpT2xf7AGTnQPR7t1Zi,Black,9
AWpT1u0o0U_gzG0hhnnl,Berry,6.5
AWpT5xiaM263mwCq8q-n,Berry,10.5
AWpT0WU6AGTnQPR7t0Tr,Berry,5
AWpT8kpgM263mwCq8rQy,Green,7
AWpTzjhcAGTnQPR7tz3-,Blue,9
AWpT4CAbAGTnQPR7t2JP,Black Vegan Leather/Black Hologram,7
AWpT0TNQAGTnQPR7t0SK,Green,7.5
AWpT1QtJAGTnQPR7t00D,Berry,5
AWpT29bDAGTnQPR7t1g3,Blue,10
AWpT3UBhJbEilcB6PI9m,Berry,11
AWpT2X8YJbEilcB6PIhJ,Berry,8
AWpT0aZt0U_gzG0hhm_m,Berry,9.5
AWpT1Xn6M263mwCq8o0m,Blue,6.5
AWpT16mFAGTnQPR7t1D2,Blue,8.5
AWpT7qs1JbEilcB6PKfC,Black,6
AWpT2tWqM263mwCq8pVw,Blue,10
AWpT0PwqM263mwCq8oPL,Green,5
AWpT3ygRM263mwCq8p7a,Blue,11
AWpTzPbTJbEilcB6PHAM,Berry,11
AWpT4Tkv0U_gzG0hho8O,Blue,10.5
AWpT1qugJbEilcB6PIOS,Green,11
AWpT3ZtiJbEilcB6PI_8,Black Leather,11
AWpT209yM263mwCq8pYg,Blue,9
AWpT4XZXJbEilcB6PJnk,Black,7
AWpT2Li6AGTnQPR7t1LG,Blue,10.5
AWpT8cD7JbEilcB6PKii,Blue,12
AWpT2vBYAGTnQPR7t1YZ,Blue,7.5
AWpT1lzlAGTnQPR7t08l,Berry,8
AWpTzAvXAGTnQPR7tzsY,Blue,4.5
AWpT8Waz0U_gzG0hhp47,Brown,6.5
AWpTzsSi0U_gzG0hhmmE,Green,9
AWpT2vjT0U_gzG0hhoBe,Blue,7
AWpT7cTWJbEilcB6PKdY,Brown,5.5
AWpT8zSgAGTnQPR7t3U0,Blue,6.5
AWpT55TaJbEilcB6PKSK,Berry,12
AWpT1voGM263mwCq8o9W,Green,12
AWpT0qVwAGTnQPR7t0fx,Blue,5.5
AWpT1oksJbEilcB6PINb,Berry,5
AWpT3EBK0U_gzG0hhoMs,White Leather,7
AWpT5JkQ0U_gzG0hhpbs,Blue,5.5
AWpT5zM1AGTnQPR7t3Be,Green,11
AWpT4TPYM263mwCq8qSV,Green,4.5
AWpT2bw60U_gzG0hhn60,Green,12
AWpT0DB1JbEilcB6PHZc,Blue,4
AWpT5CUVM263mwCq8qu3,Gray,9
AWpT90HxAGTnQPR7t3U7,Nutmeg,8
AWpT3SmCM263mwCq8pqP,Charcoal,10
AWpT0rvnJbEilcB6PHwR,Black/Pink,9
AWpT3HAcJbEilcB6PI2m,Gold Sequins,10
AWpT6JfNJbEilcB6PKUz,Grey/Black,6 M US
AWpT2ZnDJbEilcB6PIh7,White,6M
AWpT4PLdJbEilcB6PJhP,Black,13
AWpTdq7kJbEilcB6PD0_,Dusty Gold Leather,6 M
AWpTcm2VJbEilcB6PDma,White,11
AWpTaFApAGTnQPR7tvwM,Sand Leather,8
AWpTchNAJbEilcB6PDk7,Sand Nubuck Leather,10
AWpTbGLKM263mwCq8kBR,Blue Leather,6.5
AWpTeBF1AGTnQPR7twtf,Sand Nubuck Leather,8.5
AWpTb7CyJbEilcB6PDdP,Charcoal Brushed Vegan Suede,7
AWpTceAx0U_gzG0hhi_q,Silver/Gunmetal Leather,10
AWpTcLqX0U_gzG0hhi77,Black/Tan Full Grain Leather/Kid Suede,11
AWpTfqvMM263mwCq8k-D,Robin Egg Blue,9.5
AWpTbQGPAGTnQPR7twJ4,Black Texture Knit,7
AWpTgeHK0U_gzG0hhjzN,Black Suede,5 BM US
AWpTflTGM263mwCq8k8_,Parachute Purple,9 BM US
AWpTay9xJbEilcB6PDNO,Taupe Gray,7.5
AWpTbK2gAGTnQPR7twIx,Black,11.5 S
AWpTZIMOM263mwCq8jTQ,Black,9 N
AWpTcnmnM263mwCq8kVl,Black Suede,10
AWpTePIxAGTnQPR7twwd,Ivory,6
AWpTbreB0U_gzG0hhi2B,Taupe Calf,10.5
AWpTfVGMAGTnQPR7tw_2,Blush,9
AWpTgWFgM263mwCq8lFl,Black,7
AWpSyeAVJbEilcB6O9mb,Black Stretch Pat and Black,8
AWpSzsUWM263mwCq8eYu,Black,7.5 BM US
AWpS1Ys1AGTnQPR7tqpK,Hot Pink Stretch Patent,14
AWpSxBRHM263mwCq8eLh,Black Synthetic/Gore,10 N
AWpSvfvEM263mwCq8eF7,White,US 8.5
AWpS01sFJbEilcB6O9yN,Taupe,7.5 Medium BM
AWpSyw4E0U_gzG0hhdDo,Black,10
AWpSvGJ80U_gzG0hhc1C,Tan,10 Medium BM
